URL,Last crawled
https://floridaautismservices.com/providers/award-living-solutions-llc-port-charlotte-fl-6309,2026-08-19
https://floridaautismservices.com/providers/my-kid-therapy-center-aba-therapy-miami-fl-7069,2026-08-19
https://floridaautismservices.com/providers/new-dimensions-wellness-club-inc-orlando-fl-5865,2026-08-18
https://floridaautismservices.com/providers/first-kids-ppec-miami-miami-fl-10048,2026-08-17
https://floridaautismservices.com/providers/hibiscus-house-rehab-llc-gainesville-fl-6556,2026-08-17
https://floridaautismservices.com/providers/oasis-specialized-therapy-care-miami-lakes-fl-9895,2026-08-17
https://floridaautismservices.com/providers/straight-to-the-point-dry-needling-west-palm-beach-fl-9659,2026-08-17
https://floridaautismservices.com/providers/canidate-anessa-quincy-fl-6274,2026-08-17
https://floridaautismservices.com/providers/southeast-orthopedic-specialists-herschel-street-rehabilitation-and-imaging-clinic-jacksonville-fl-9551,2026-08-16
https://floridaautismservices.com/providers/transitions-recovery-program-miami-gardens-fl-8485,2026-08-16
https://floridaautismservices.com/providers/speechwise-therapy-titusville-fl-9336,2026-08-16
https://floridaautismservices.com/providers/early-childhood-council-of-hillsborough-county-tampa-fl-5812,2026-08-14
https://floridaautismservices.com/providers/swish-physical-therapy-and-performance-oviedo-fl-8549,2026-08-14
https://floridaautismservices.com/providers/tallahassee-orthopedic-clinic-physical-therapy-tallahassee-fl-7441,2026-08-14
https://floridaautismservices.com/providers/creation-counseling-port-orange-fl-8166,2026-08-13
https://floridaautismservices.com/providers/maximum-achievers-llc-west-palm-beach-west-palm-beach-fl-7045,2026-08-13
https://floridaautismservices.com/providers/wolfson-childrens-rehabilitation-healthplace-at-nocatee-ponte-vedra-fl-10229,2026-08-13
https://floridaautismservices.com/providers/md-now-urgent-care-north-cape-coral-cape-coral-fl-7234,2026-08-13
https://floridaautismservices.com/daycare/eec-head-start-center-panama-city,2026-08-13
https://floridaautismservices.com/daycare/broward-childrens-center-inc-pompano-beach,2026-08-13
https://floridaautismservices.com/providers/my-word-speech-therapy-llc-cape-coral-fl-6721,2026-08-13
https://floridaautismservices.com/providers/physical-therapy-group-of-florida-coral-springs-coral-springs-fl-9679,2026-08-12
https://floridaautismservices.com/providers/southshore-bilingual-therapy-inc-wimauma-fl-9352,2026-08-12
https://floridaautismservices.com/providers/skylight-counseling-services-west-melbourne-fl-8023,2026-08-10
https://floridaautismservices.com/providers/impact-preschool-1725-hermitage-blvd-tallahassee-fl-10290,2026-08-10
https://floridaautismservices.com/providers/sobe-health-center-miami-gardens-fl-7556,2026-08-10
https://floridaautismservices.com/providers/coral-springs-disc-center-coral-springs-fl-7601,2026-08-10
https://floridaautismservices.com/providers/true-north-counseling-services-tampa-fl-8427,2026-08-10
https://floridaautismservices.com/providers/ceco-winter-park-fl-7507,2026-08-10
https://floridaautismservices.com/providers/physicalone-tamarac-lauderhill-fl-9423,2026-08-10
https://floridaautismservices.com/providers/total-health-care-of-florida-hollywood-fl-6656,2026-08-08
https://floridaautismservices.com/providers/premier-pediatric-therapy-jupiter-fl-7210,2026-08-08
https://floridaautismservices.com/schools?scholarship=pep_participant,2026-08-08
https://floridaautismservices.com/providers/ross-caregivers-llc-miami-fl-9093,2026-08-07
https://floridaautismservices.com/providers/neuro-psychiatric-addiction-clinic-detox-rehab-in-port-st-lucie-port-st-lucie-fl-8540,2026-08-07
https://floridaautismservices.com/providers/ec-precious-needs-llc-pompano-beach-fl-8781,2026-08-07
https://floridaautismservices.com/providers/in-balance-mental-wellness-llc-jacksonville-fl-10402,2026-08-07
https://floridaautismservices.com/providers?scholarship=pep,2026-08-06
https://floridaautismservices.com/providers/child-family-psychologists-sunrise-fl-8500,2026-08-06
https://floridaautismservices.com/providers/koala-aba-learning-centers-pembroke-pines-6941-sw-196th-ave-southwest-ranches-fl-9323,2026-08-05
https://floridaautismservices.com/providers/icon-medical-centers-hollywood-fl-9603,2026-08-05
https://floridaautismservices.com/providers/loving-life-today-therapy-counseling-tampa-fl-6975,2026-08-04
https://floridaautismservices.com/providers/cool-kidz-therapy-indialantic-fl-9206,2026-08-03
https://floridaautismservices.com/providers/null,2026-07-21
https://floridaautismservices.com/providers?scholarship=fes-eo,2026-07-21
https://floridaautismservices.com/providers/holistic-quarters-of-lakeland-lakeland-fl-7523,2026-07-20
https://floridaautismservices.com/providers/always-keep-progressing-miami-shores-north-miami-fl-10406,2026-07-06
https://floridaautismservices.com/providers/improved-motions-advanced-physical-therapy-and-performance-stuart-fl-8440,2026-07-05
https://floridaautismservices.com/providers/gainesville-wellness-and-performance-gainesville-fl-7033,2026-07-04
https://floridaautismservices.com/providers/centrum-health-miami-gardens-fl-5765,2026-06-26
https://floridaautismservices.com/providers/love-and-loyalty-care-service-llc-tampa-fl-8671,2026-06-21
https://floridaautismservices.com/providers/cutting-edge-physical-therapy-and-wellness-west-palm-beach-fl-7198,2026-06-19
https://floridaautismservices.com/providers/forge-wellness-cape-coral-fl-7036,2026-06-19
https://floridaautismservices.com/providers/ann-storck-center-inc-ft-lauderdale-1790-sw-43rd-way-fort-lauderdale-fl-8571,2026-06-18
https://floridaautismservices.com/providers/easterseals-florida-palm-bay-2475-palm-bay-rd-ne-palm-bay-fl-7723,2026-06-18
https://floridaautismservices.com/providers/pediatric-associates-st-lucie-north-port-st-lucie-fl-7333,2026-06-18
https://floridaautismservices.com/providers/pediatric-neurology-port-st-lucie-fl-8331,2026-06-15
https://floridaautismservices.com/providers/trucare-pediatrics-palm-bay-fl-6955,2026-06-15
https://floridaautismservices.com/providers/toc-now-tallahassee-fl-7468,2026-06-15
https://floridaautismservices.com/providers/miami-autism-recovery-preschool-north-miami-beach-north-miami-beach-fl-10357,2026-06-15
https://floridaautismservices.com/providers/wellway-cape-coral-cape-coral-fl-6793,2026-06-14
https://floridaautismservices.com/providers/positive-behavior-supports-corp-stuart-fl-5803,2026-06-14
https://floridaautismservices.com/providers/the-childrens-lung-asthma-and-sleep-specialists-daytona-beach-fl-8272,2026-06-14
https://floridaautismservices.com/providers/coastal-psychiatric-urgent-care-melbourne-fl-6963,2026-06-11
https://floridaautismservices.com/providers/easterseals-florida-treasure-coast-early-steps-port-saint-lucie-port-st-lucie-fl-8588,2026-06-11
https://floridaautismservices.com/providers/positive-behavior-supports-corporation-tallahassee-tallahassee-fl-7467,2026-06-06
https://floridaautismservices.com/providers/brightstart-pediatrics-sanford-fl-8576,2026-06-04
https://floridaautismservices.com/providers/santiso-physical-therapy-fort-lauderdale-fort-lauderdale-fl-7636,2026-06-03
https://floridaautismservices.com/providers/amethyst-recovery-center-port-st-lucie-fl-7532,2026-06-02
https://floridaautismservices.com/providers?service=skilled-nursing,2026-06-02
https://floridaautismservices.com/providers/bilingual-key-therapy-port-st-lucie-port-st-lucie-fl-8657,2026-06-01
https://floridaautismservices.com/providers/to-your-health-and-wellness-llc-jonesville-fl-7058,2026-06-01
https://floridaautismservices.com/providers/tammy-bishop-occupational-therapy-llc-oviedo-fl-8020,2026-06-01
https://floridaautismservices.com/providers/the-traveling-therapist-llc-cape-coral-fl-6792,2026-06-01
https://floridaautismservices.com/providers/eastersealsearly-steps-north-beaches-deland-fl-9212,2026-05-29
https://floridaautismservices.com/providers/5-star-cares-inc-lutz-fl-6443,2026-05-29
https://floridaautismservices.com/providers/the-learning-pavilion-tallahassee-fl-6952,2026-05-28
https://floridaautismservices.com/providers/loves-restoration-center-llc-belle-glade-fl-6331,2026-05-27
https://floridaautismservices.com/providers/palm-beach-childrens-hospital-west-palm-beach-fl-8342,2026-05-25
https://floridaautismservices.com/schools?scholarship=ftc_participant,2026-05-23
https://floridaautismservices.com/providers/kidz-pediatric-multispecialty-practice-port-st-lucie-port-st-lucie-fl-7334,2026-05-19
https://floridaautismservices.com/resources/denominations/multi-denominational,2026-05-13
https://floridaautismservices.com/providers?service=respiratory-care,2026-05-07
https://floridaautismservices.com/resources/services/afterschool-program,2026-05-06
https://floridaautismservices.com/guides/childcare-options-autism-florida,2026-05-05
https://floridaautismservices.com/providers/advanced-behavioral-dimensions-aba-therapy-company-fort-lauderdale-fl-7224,2026-04-29
https://floridaautismservices.com/providers/tampa-therapy-tampa-fl-10399,2026-04-27
https://floridaautismservices.com/providers/the-genius-kids-academy-hallandale-beach-fl-7630,2026-04-26
https://floridaautismservices.com/providers/palm-beach-physical-medicine-rehabilitation-west-palm-beach-fl-7175,2026-04-24
https://floridaautismservices.com/providers/quality-in-home-therapy-parkland-fl-7652,2026-04-24
https://floridaautismservices.com/providers/reflections-creative-therapies-group-boynton-beach-fl-8336,2026-04-23
https://floridaautismservices.com/providers/glory-to-god-ppec-miami-fl-8566,2026-04-23
https://floridaautismservices.com/providers/holy-cross-rehabilitation-institute-pelvic-floor-rehabilitation-oakland-park-fl-7640,2026-04-20
https://floridaautismservices.com/providers/susan-j-christiansen-phd-lmft-marriage-and-family-therapist-west-palm-beach-fl-7204,2026-04-19
https://floridaautismservices.com/providers/baptist-health-training-complex-miami-gardens-fl-6929,2026-04-17
https://floridaautismservices.com/providers/center-for-family-services-of-palm-beach-county-inc-west-palm-beach-fl-7197,2026-04-16
https://floridaautismservices.com/providers/the-childrens-trust-miami-fl-6872,2026-04-16
https://floridaautismservices.com/providers/physical-healthcare-of-jacksonville-jacksonville-fl-7580,2026-04-16
https://floridaautismservices.com/providers/miramarvels-early-childhood-academy-pembroke-pines-fl-5842,2026-04-16
https://floridaautismservices.com/providers/ethos-health-group-lakeland-lakeland-fl-8584,2026-04-16
https://floridaautismservices.com/providers/b-t-mobile-services-llc-valrico-fl-9158,2026-04-15
https://floridaautismservices.com/providers/bay-area-neuromuscular-therapy-clearwater-fl-8536,2026-04-15
https://floridaautismservices.com/providers/fort-lauderdale-psychology-group-fort-lauderdale-fl-7594,2026-04-14
https://floridaautismservices.com/providers/equestrian-inc-brandon-fl-6514,2026-04-12
https://floridaautismservices.com/providers/frontier-physical-medicine-clearwater-fl-8429,2026-04-12
https://floridaautismservices.com/providers/spreading-your-wings-clearwater-fl-8405,2026-04-12
https://floridaautismservices.com/providers/easterseals-florida-igoe-amar-center-west-palm-beach-fl-7381,2026-04-12
https://floridaautismservices.com/providers/randolphs-family-health-and-wellness-lakeland-fl-8479,2026-04-11
https://floridaautismservices.com/providers/seabreeze-counseling-center-llc-daytona-beach-fl-7679,2026-04-11
https://floridaautismservices.com/providers/genesis-counseling-coral-springs-coral-springs-fl-7174,2026-04-10
https://floridaautismservices.com/providers/mission-pt-miami-fl-8456,2026-04-10
https://floridaautismservices.com/providers/memorial-hospital-miramar-pembroke-pines-fl-7637,2026-04-10
https://floridaautismservices.com/providers/apolo-wellness-center-miramar-fl-7657,2026-04-10
https://floridaautismservices.com/providers/clearikon-equine-therapy-alachua-fl-7782,2026-04-10
https://floridaautismservices.com/providers/psychiatry-of-the-palm-beaches-port-st-lucie-fl-port-st-lucie-fl-8298,2026-04-10
https://floridaautismservices.com/providers/body-mind-spirit-wellness-spring-hill-fl-8528,2026-04-10
https://floridaautismservices.com/providers/dr-justin-darienzo-psychologist-and-relationship-expert-jacksonville-fl-8585,2026-04-10
https://floridaautismservices.com/providers/adventhealth-wellness-center-daytona-beach-holly-hill-fl-8123,2026-04-09
https://floridaautismservices.com/providers/pelvic-rehabilitation-medicine-west-palm-beach-fl-8357,2026-04-09
https://floridaautismservices.com/providers/beachside-recovery-interventions-consulting-satellite-beach-fl-7026,2026-04-09
https://floridaautismservices.com/providers/adora-care-injury-and-wellness-center-coral-springs-fl-8459,2026-04-09
https://floridaautismservices.com/providers/easter-seals-florida-inc-naples-fl-6344,2026-04-09
https://floridaautismservices.com/providers/brain-and-mind-institute-orlando-fl-8256,2026-04-09
https://floridaautismservices.com/providers/healing-paws-center-854-e-oakland-park-blvd-oakland-park-fl-6120,2026-04-08
https://floridaautismservices.com/providers/elevate-recovery-lounge-holly-hill-fl-8152,2026-04-08
https://floridaautismservices.com/providers/waterside-counseling-inc-melbourne-fl-6994,2026-04-08
https://floridaautismservices.com/providers/easter-seals-florida-inc-palm-bay-fl-6389,2026-04-08
https://floridaautismservices.com/providers/integrity-behavioral-health-llc-miami-gardens-fl-6901,2026-04-08
https://floridaautismservices.com/resources/services/pet-therapy,2026-04-07
https://floridaautismservices.com/providers/the-releaf-clinic-gainesville-gainesville-fl-8054,2026-04-07
https://floridaautismservices.com/providers/ambrosia-treatment-center-port-st-lucie-fl-7199,2026-04-07
https://floridaautismservices.com/providers/orthopaedic-associates-of-west-florida-clearwater-fl-8537,2026-04-06
https://floridaautismservices.com/providers/esencia-therapy-wellness-center-tamarac-fl-7635,2026-04-06
https://floridaautismservices.com/providers/bell-support-services-llc-bell-support-service-jacksonville-fl-8744,2026-04-06
https://floridaautismservices.com/providers/berger-counseling-services-pompano-beach-fl-10508,2026-04-05
https://floridaautismservices.com/providers/competitive-edge-physical-therapy-tampa-fl-7418,2026-04-05
https://floridaautismservices.com/providers/department-of-children-and-families-palm-bay-fl-6962,2026-04-05
https://floridaautismservices.com/providers/keen-maxine-l-keen-group-home-sebring-fl-8735,2026-04-05
https://floridaautismservices.com/providers/easter-seals-south-florida-opa-locka-fl-8774,2026-04-05
https://floridaautismservices.com/providers/wende-j-anderson-psyd-melbourne-fl-6981,2026-04-05
https://floridaautismservices.com/providers/easterseals-necfl-daytona-beach-fl-8970,2026-04-05
https://floridaautismservices.com/providers/the-wellness-collective-llc-palm-bay-fl-6969,2026-04-05
https://floridaautismservices.com/providers/florida-pediatric-group-palm-bay-fl-7004,2026-04-05
https://floridaautismservices.com/providers/brighter-life-psychiatry-coral-springs-fl-8458,2026-04-05
https://floridaautismservices.com/providers/creative-insights-counseling-orlando-fl-8201,2026-04-04
https://floridaautismservices.com/providers/first-rehab-of-west-palm-beach-west-palm-beach-fl-8328,2026-04-04
https://floridaautismservices.com/providers/health-wellness-integrated-healthcare-centers-tallahassee-fl-8476,2026-04-03
https://floridaautismservices.com/providers/peaceful-mind-psychiatry-gainesville-fl-7711,2026-04-01
https://floridaautismservices.com/providers/del-prado-medical-center-cape-coral-fl-8526,2026-04-01
https://floridaautismservices.com/providers/city-of-pembroke-pines-early-development-center-central-campus-hollywood-fl-8496,2026-04-01
https://floridaautismservices.com/blog/childcare-options-autism-florida,2026-03-31
https://floridaautismservices.com/providers/outpatient-rehabilitation-at-tgh-medical-village-tampa-fl-7404,2026-03-31
https://floridaautismservices.com/providers/easterseals-florida-treasure-coast-early-steps-port-st-lucie-port-st-lucie-fl-7167,2026-03-31
https://floridaautismservices.com/providers/blue-skies-health-wellness-clinic-port-st-lucie-fl-8444,2026-03-31
https://floridaautismservices.com/providers/center-for-child-and-adult-psychiatry-ccap-tampa-fl-8464,2026-03-31
https://floridaautismservices.com/providers/child-in-mind-psychological-services-palm-beach-gardens-fl-8296,2026-03-31
https://floridaautismservices.com/providers/florida-spine-pain-center-hollywood-fl-7610,2026-03-29
https://floridaautismservices.com/providers/centerwell-home-health-tallahassee-tallahassee-fl-10081,2026-03-29
https://floridaautismservices.com/providers/hop-skip-and-a-jump-pediatric-therapy-886-s-dillard-st-winter-garden-fl-9821,2026-03-29
https://floridaautismservices.com/providers/reclamation-center-of-fort-lauderdale-fort-lauderdale-fl-7599,2026-03-29
https://floridaautismservices.com/providers/beachside-counseling-wellness-llc-indialantic-fl-6960,2026-03-29
https://floridaautismservices.com/providers/apex-health-and-wellness-lakeland-fl-7522,2026-03-28
https://floridaautismservices.com/providers/aventura-wellness-rehab-center-miami-fl-8511,2026-03-28
https://floridaautismservices.com/providers/recovery-unplugged-florida-drug-alcohol-rehab-fort-lauderdale-fort-lauderdale-fl-8502,2026-03-28
https://floridaautismservices.com/providers/blue-heron-psychology-stuart-fl-8539,2026-03-28
https://floridaautismservices.com/providers/orlando-health-cancer-institute-oncology-speech-pathology-orlando-fl-7018,2026-03-26
https://floridaautismservices.com/providers/medig-gainesville-fl-5924,2026-03-26
https://floridaautismservices.com/providers/tender-care-pediatrics-port-st-lucie-fl-8445,2026-03-25
https://floridaautismservices.com/providers/the-play-clinic-speech-feeding-occupational-and-physical-therapy-land-o-lakes-fl-8462,2026-03-25
https://floridaautismservices.com/resources/denominations/other,2026-03-25
https://floridaautismservices.com/providers/abundance-of-care-st-petersburg-fl-9024,2026-03-25
https://floridaautismservices.com/providers/kenzie-kare-group-home-i-ii-llc-lehigh-acres-fl-8896,2026-03-24
https://floridaautismservices.com/providers/integrative-physical-therapy-jacksonville-jacksonville-fl-7435,2026-03-24
https://floridaautismservices.com/providers/chase-capital-investments-wesley-chapel-fl-8636,2026-03-24
https://floridaautismservices.com/providers/elite-health-and-wellness-center-concierge-primary-care-port-st-lucie-fl-7322,2026-03-24
https://floridaautismservices.com/providers/experience-health-wellness-center-cape-coral-fl-8591,2026-03-24
https://floridaautismservices.com/providers/guardians-for-new-futures-inc-port-st-lucie-fl-7330,2026-03-24
https://floridaautismservices.com/providers/instinct-health-care-miami-gardens-fl-8453,2026-03-24
https://floridaautismservices.com/providers/family-therapy-group-of-weston-weston-fl-7667,2026-03-24
https://floridaautismservices.com/providers/physicians-group-llc-spring-hill-fl-8087,2026-03-24
https://floridaautismservices.com/providers/theracounsel-fort-lauderdale-fl-7660,2026-03-24
https://floridaautismservices.com/providers/child-and-family-therapy-center-st-petersburg-fl-8375,2026-03-24
https://floridaautismservices.com/providers/ultra-cryo-recovery-lakeland-lakeland-fl-7499,2026-03-24
https://floridaautismservices.com/providers/holy-cross-health-inpatient-rehabilitation-fort-lauderdale-fl-7602,2026-03-24
https://floridaautismservices.com/providers/restoring-hope-counseling-center-gainesville-fl-8509,2026-03-24
https://floridaautismservices.com/providers/central-florida-pediatric-kissimmee-fl-8193,2026-03-24
https://floridaautismservices.com/resources/denominations/islamic,2026-03-23
https://floridaautismservices.com/providers/thomas-family-care-services-thomas-family-care-services-ocala-fl-8633,2026-03-23
https://floridaautismservices.com/providers/athletic-recovery-services-cape-coral-fl-8575,2026-03-23
https://floridaautismservices.com/providers/sports-chiropractic-health-rehab-palm-bay-fl-10379,2026-03-23
https://floridaautismservices.com/providers/mj-homecare-inc-st-petersburg-fl-9150,2026-03-23
https://floridaautismservices.com/providers/childrens-services-council-of-palm-beach-county-boynton-beach-fl-8329,2026-03-22
https://floridaautismservices.com/providers/physical-therapy-specialists-of-dr-phillips-orlando-fl-8249,2026-03-22
https://floridaautismservices.com/providers/rivera-performance-recovery-coral-gables-fl-7995,2026-03-21
https://floridaautismservices.com/providers/bright-future-star-llc-clearwater-fl-9155,2026-03-21
https://floridaautismservices.com/providers/the-home-wguiding-hands-inc-tarpon-springs-fl-9038,2026-03-21
https://floridaautismservices.com/providers/pachot-group-home-inc-orlando-fl-8983,2026-03-20
https://floridaautismservices.com/providers/concentra-urgent-care-ft-lauderdale-fort-lauderdale-fl-7646,2026-03-19
https://floridaautismservices.com/providers/midtown-movement-tallahassee-fl-8474,2026-03-19
https://floridaautismservices.com/resources/denominations/multi-inter-trans-denominational,2026-03-19
https://floridaautismservices.com/providers/mobility-docs-llc-physical-therapy-and-performance-tampa-fl-8548,2026-03-19
https://floridaautismservices.com/providers/integrity-prosthetics-orthotics-lakeland-fl-7525,2026-03-19
https://floridaautismservices.com/providers/lifestance-therapists-psychiatrists-fort-lauderdale-fort-lauderdale-fl-7296,2026-03-19
https://floridaautismservices.com/providers/thrive-therapy-of-palm-beach-llc-palm-beach-gardens-fl-6983,2026-03-18
https://floridaautismservices.com/providers/physical-therapy-specialists-orlando-fl-8258,2026-03-17
https://floridaautismservices.com/providers/alicia-m-pfahler-ma-gainesville-fl-8570,2026-03-14
https://floridaautismservices.com/providers/easterseals-altrusa-house-gainesville-fl-6558,2026-03-14
https://floridaautismservices.com/providers/center-for-child-counseling-inc-palm-beach-gardens-fl-7147,2026-03-13
https://floridaautismservices.com/providers/better-living-concepts-inc-mount-dora-fl-8634,2026-03-12
https://floridaautismservices.com/providers/patients-first-lake-ella-tallahassee-fl-7450,2026-03-12
https://floridaautismservices.com/providers/quality-rehab-care-weston-fl-5977,2026-03-12
https://floridaautismservices.com/providers/ability-rehabilitation-new-smyrna-beach-new-smyrna-beach-fl-9909,2026-03-12
https://floridaautismservices.com/providers/brian-leduc-md-hollywood-fl-8495,2026-03-12
https://floridaautismservices.com/providers/patiently-caring-st-petersburg-fl-8643,2026-03-10
https://floridaautismservices.com/providers/physical-medicine-institute-orlando-orlando-fl-8185,2026-03-10
https://floridaautismservices.com/providers/balance-orlando-orlando-fl-8533,2026-03-09
https://floridaautismservices.com/providers/justine-sommers-lmhc-port-st-lucie-fl-8443,2026-03-09
https://floridaautismservices.com/providers/dennis-hart-md-hollywood-fl-8494,2026-03-09
https://floridaautismservices.com/providers/island-coast-pediatrics-cape-coral-fl-7952,2026-03-09
https://floridaautismservices.com/providers/easterseals-northeast-central-florida-new-smyrna-beach-fl-10554,2026-03-09
https://floridaautismservices.com/providers/orlando-therapy-center-orlando-fl-8541,2026-03-07
https://floridaautismservices.com/providers/fyzical-therapy-balance-centers-west-orlando-orlando-fl-6931,2026-03-07
https://floridaautismservices.com/providers/starr-susie-m-treasure-island-fl-8651,2026-03-06
https://floridaautismservices.com/providers/counseling-and-disability-svcs-llc-south-daytona-fl-7110,2026-03-06
https://floridaautismservices.com/providers/restore-health-urgent-care-palm-bay-fl-8441,2026-03-06
https://floridaautismservices.com/providers/on-the-hop-tamarac-fl-7662,2026-03-05
https://floridaautismservices.com/providers/ability-rehabilitation-orlando-801-n-orange-ave-orlando-fl-9914,2026-03-05
https://floridaautismservices.com/providers/chiropractic-center-of-lakeland-lakeland-fl-7524,2026-03-05
https://floridaautismservices.com/providers/memorial-rehabilitation-institute-hollywood-fl-5814,2026-03-05
https://floridaautismservices.com/providers/celestal-care-llc-brandon-fl-8696,2026-03-05
https://floridaautismservices.com/providers/manatee-assisted-living-faciliy-bradenton-fl-8768,2026-03-05
https://floridaautismservices.com/providers/miami-autism-recovery-preschool-miami-miami-fl-9133,2026-03-04
https://floridaautismservices.com/providers/ability-rehabilitation-ormond-beach-ormond-beach-fl-9913,2026-03-04
https://floridaautismservices.com/providers/csi-catalanos-nurses-registry-inc-medley-fl-8619,2026-03-04
https://floridaautismservices.com/providers/upside-living-clearwater-fl-9118,2026-03-03
https://floridaautismservices.com/providers/dania-disc-drugs-inc-fort-lauderdale-fl-8791,2026-03-03
https://floridaautismservices.com/providers/driven-by-faith-home-health-care-inc-driven-by-faith-companion-care-orlando-fl-9145,2026-03-03
https://floridaautismservices.com/providers/palm-garden-of-port-st-lucie-port-st-lucie-fl-8447,2026-03-03
https://floridaautismservices.com/providers/advanced-group-home-inc-tampa-fl-8690,2026-03-03
https://floridaautismservices.com/providers/a-heavenly-touch-llc-jacksonville-fl-8751,2026-03-03
https://floridaautismservices.com/providers/advanced-living-llc-tampa-fl-8709,2026-03-03
https://floridaautismservices.com/providers/healing-aura-massage-seminole-fl-8379,2026-03-01
https://floridaautismservices.com/providers/physical-therapy-specialists-of-winter-park-orlando-fl-8283,2026-03-01
https://floridaautismservices.com/providers/speech-works-pediatric-therapy-orange-city-2750-enterprise-rd-orange-city-fl-10281,2026-03-01
https://floridaautismservices.com/providers/neubility-rehabilitation-and-wellness-pinellas-park-fl-8424,2026-03-01
https://floridaautismservices.com/providers/right-quality-care-llc-largo-fl-9039,2026-03-01
https://floridaautismservices.com/providers/posture-police-coconut-creek-fl-8439,2026-02-28
https://floridaautismservices.com/providers/terris-loving-care-pensacola-fl-8728,2026-02-28
https://floridaautismservices.com/providers/larc-inc-fort-myers-fl-10342,2026-02-28
https://floridaautismservices.com/schools?accreditation=CSF,2026-02-20