id,name,city,insurances_found,no_slug_plans,scholarships_mentioned,self_pay_only,source_page_url,evidence_location,confidence,notes
6725,ABA Therapy Center: On & Up Behavior Therapy,Aventura,SITE_UNREACHABLE,,,N,,none found,LOW,"onupbehavior.com blocks all crawling: robots.txt returns 'All paths disallowed'. First attempt hit a robots.txt 429 rate limit; retried http and https root, both refused. Bot-block, not a confirmed dead domain."
6804,"Rachel Azrin, BCBA",Aventura,NO_LIST,,,N,https://www.counselornorthmiamifl.com/,body copy,MEDIUM,"No insurer named anywhere. Only payment statement is: 'To be able to ensure equal access to services, the clinic provides affordable treatment on a sliding-scale basis.' Sliding scale is not a self-pay-only declaration, so self_pay_only = N. A /fees path failed robots.txt parsing."
6769,Spring Health Autism Intervention,Aventura,NO_LIST,,,N,http://springhealthautism.com/,none found,MEDIUM,"Homepage names no insurer and carries no insurance copy at all. Nav is only HOME / ABOUT US / ABOUT AUTISM / SERVICES / CONTACT US - no insurance, funding or FAQ page exists. /services returned 404."
8892,Thrive Behavioral Therapy,Aventura,aetna|florida-blue,Magellan,Step Up for Students - Family Empowerment Scholarship for Unique Abilities,N,http://www.thrivebehavioraltherapy.com/,body copy,MEDIUM,"[trap d] Three named payers in homepage body copy. Also states 'For most other commercial/private insurances, we can create a single-case agreement.' - that clause names no plan, so nothing was inferred from it. Step Up For Students / FES-UA kept out of plans_verbatim per trap d."
7349,The Kelly Behavioral Institute,Belle Isle,NO_LIST,,,N,http://kellybehavioralinstitute.com/,none found,MEDIUM,"Homepage and the ABA therapy service page name no insurer and contain no insurance copy of any kind - not even a generic sentence. Nav is Home / About Us / ABA Therapy / Professional Consulting / Training; no insurance, funding or FAQ page. /about-us returned 404."
10594,ABA Centers of Florida - Boca Raton,Boca Raton,NO_LIST,,,N,https://abacentersfl.com/insurance-accepted/,insurance page,MEDIUM,"[trap b,c] Dedicated 'Insurance Accepted' page names zero carriers and shows no logos. Verbatim: 'We accept most insurance plans' and 'We work with most major insurance companies and will do all of the legwork for you', plus a 'Free Insurance Verification' link to the contact form. Multi-location chain (ABA Centers of Florida / ABA Centers of America); Boca Raton appears only as a footer address with no location-specific insurance page, so nothing on the site is Boca-specific."
7186,"Creative Occupational Therapy Services, LLC",Boca Raton,NO_LIST,,,N,http://www.creativeotservices.com/,none found,MEDIUM,"Homepage contains no insurance, payment or funding content at all and no internal links to an insurance/fees/FAQ page; /insurance returned 404. No insurer named and no self-pay statement, so NO_LIST."
7346,The Play Base ABA Therapy,Boca Raton,florida-medicaid|aetna|cigna|florida-blue,,,N,https://us.theplaybase.com/aba-insurance-accepted/,insurance page,HIGH,"Dedicated ABA insurance page: 'We proudly accept a variety of insurance plans, including Medicaid, Blue Cross Blue Shield, Aetna, and Cigna.' The same four also appear as a logo strip on that page, so body copy and logos agree. Site states 'Services are only available in South Florida', consistent with the Boca Raton row - single service area, no per-location page."
6989,Envisioning Hope Counseling,Brooksville,NO_LIST,,,N,http://envisioninghopecounseling.com/,none found,MEDIUM,"Single-page counselor site (also loaded at the www host). No insurer named, no payment or fee copy, no navigation to any insurance/fees page, and /insurance returned 404. Page is clinician bio and service descriptions only. Note the site itself lists Spring Hill, not Brooksville."
5880,HCA Florida Oak Hill Hospital,Brooksville,aetna|cigna|florida-blue|humana|unitedhealthcare|molina|sunshine-health|wellcare,Align Senior Care|American Health Plan of Florida|AmeriHealth Caritas Florida|AvMed|Careplus|CareSource|Claritev|Community Care Plan|CorVel|Devoted|Doctors HealthCare Plans|Evolutions|Florida Complete Care|Freedom Health|Gold Kidney of Florida|HealthSpring|Longevity Health Plan|Optimum|Oscar|Plotkin Health|Secur Health Plan|Simply Healthcare Plans|Solis Health Plans|Ultimate Health Plan|Wellmed|Wellpoint,,N,https://www.hcafloridahealthcare.com/locations/oak-hill-hospital/for-patients/insurance-information,insurance page,MEDIUM,"[trap b] Location-specific page under the Oak Hill Hospital (Brooksville) path of the HCA Florida site, not the corporate-wide list - used deliberately because HCA is a large multi-hospital chain. Page also states: 'Our facility accepts all forms of United States, Canadian, and other foreign government insurance, including Medicare, Medicaid, Champus, Workers Compensation and all forms of commercial insurance.' Medicare/Medicaid/Champus come from that sentence and were not added to the named carrier list. Caveat for the directory: this is a general acute-care hospital's payer list, not an ABA-specific one."
7044,LifeSpring Counseling Center,Brooksville,florida-medicaid|medicare|aetna|cigna|florida-blue|unitedhealthcare|sunshine-health,Anthem Elevance|AvMed|Beacon|Empire|GHI|Golden Rule|Harvard Pilgrim|HealthAdvocate|Lucet|Magellan|Oscar|Oxford|Surest|Tufts,,N,https://lifespringcounseling.center/contact/,insurance page,MEDIUM,"ANTHEM SIGHTING - Anthem does not operate in Florida, so this reads as a national brand strip rather than a verified Florida panel; confidence lowered. Full named list on the practice's own contact/about page, reached from the homepage prompt 'Check accepted insurance plans or self pay options'. Page carries its own caveat: 'Not all listed insurances are accepted by every counselor. Please verify which insurances are accepted by each individual counselor under each counselor's Insurance & Payments section on the Counselors page.' Anthem Elevance, Empire, GHI, Harvard Pilgrim, Oxford and Tufts are non-Florida brands - an Anthem sighting, so this reads as a national payer roster rather than a verified Brooksville panel."
6675,ABA For Life Behavioral Solutions,Cape Coral,SITE_UNREACHABLE,,,N,,none found,LOW,"Canva-hosted site. The CSV URL abaforlifebs.my.canva.site/aba-for-life-website returns HTTP 404 on all three attempts (slug, slug with trailing slash, and the subdomain root) - the Canva site appears unpublished or deleted. Web search surfaced no alternative first-party domain, only directories/aggregators which are not permitted as a source."
7222,ABC CHILDREN BEHAVIOR ABA Therapy,Cape Coral,florida-blue|humana|tricare,New Direction,,N,https://www.abcchildrenbehaviorabatherapy.com/booking-calendar/private-insurances,intake page,MEDIUM,"Homepage has an 'Insurances' menu item but names no carrier; the five payers are printed on the site's own 'Private insurances' booking/intake page linked from that menu. Single-location Cape Coral provider, so no multi-location ambiguity."
9042,Behavior Management Center Inc,Cape Coral,NO_LIST,,,N,https://behaviormc.com/,none found,MEDIUM,"Homepage and the 'What's ABA Therapy?' page both loaded. No insurer named anywhere; no logo strip, no footer plan list, not even a generic 'we accept insurance' sentence. Nav is entirely RBT/BCaBA training pages (Mission, Background, RBT Supervision, 40 Hours RBT Course, Join our team) - no insurance, funding, billing or FAQ page exists on the site. Only payment-adjacent content is a phone number and gmail address."
7442,"Better Perspective Counseling Services, LLC - Cape Coral",Cape Coral,NO_LIST,,,Y,https://betterperspectivecounseling.com/fees-insurance/,insurance page,HIGH,"Dedicated Fees & Insurance page loaded. Private-pay practice: 'I'm not in-network with your insurance provider.' Clients pay per session ($145 individual / $165 couples-family) and may submit a superbill for out-of-network reimbursement. No insurer is named anywhere on the page, so plans_verbatim is NO_LIST while self_pay_only = Y."
6576,Cape Speech Therapy LLC,Cape Coral,NO_LIST,,,N,https://www.capespeechtherapy.com/about.php,none found,MEDIUM,"Homepage (index.php) and about.php both loaded. Tiny 5-page static .php site (Home, About Us, Disorders, Directions, Testimonials) with no insurance, billing or FAQ page. No insurer named, no logo strip, and no payment statement of any kind on either page."
7484,Champions Club Special Needs Ministry,Cape Coral,NO_LIST,,,N,https://championsclub.org/location/city-first-church/,none found,MEDIUM,"The city-specific location page for City First Church loaded (chain of church-hosted locations, so a location page was used rather than the national site). This is a church special-needs ministry, not a billing provider - the only payment content is a Donate/PayPal link plus credit-card logos in the footer. No insurer and no scholarship named."
7319,Crystal Angels Behavior Center Inc,Cape Coral,NO_LIST,,,N,https://crystalangelsbehavior.com/our-services/,none found,MEDIUM,"Homepage and Our Services page both loaded. Nav is Home, Mission, What is ABA?, Objectives, Contact Us, Careers, Our Services - no insurance, funding, billing or FAQ page exists. Our Services is only an inquiry form. No insurer named, no logo strip, no Medicaid or scholarship mention anywhere."
6610,"Family Initiative, Inc",Cape Coral,NO_LIST,,,N,https://www.fi-florida.org/locations/cape-coral/,none found,MEDIUM,"[trap b] Three pages loaded: homepage, the Cape Coral location page (city-specific, matching the row), and the ABA Therapy service page. Multi-location Florida nonprofit (Cape Coral, Fort Myers, Sarasota, Miami, St. Petersburg), so the location page was checked deliberately rather than relying on a company-wide page. No insurer, Medicaid mention or scholarship named on any of the three; the only payment content is a donation call to action."
6551,Healing Horizons Therapy,Cape Coral,NO_LIST,,,N,https://www.myhealinghorizons.com/contact-us/,none found,MEDIUM,"Homepage and Contact Us page both loaded. No fees, insurance or FAQ page exists in the nav (Home, Our Specialty, All Conditions, EMDR Therapy, About, News & Blogs, Book Appointment, Contact). No insurer named, no logo strip, no payment or out-of-network statement. Contact page covers scheduling and crisis resources only."
6740,I-BOS Counseling Center,Cape Coral,medicare|aetna|cigna|florida-blue|humana|unitedhealthcare|tricare,"Alliance|Beech Street (PPO, HMO)|BHS (Behavioral Health System, Inc)|ComPsych C|Corporate Care Works|Coventry|E4 Health Inc. (EAP)|ESI (EAP)|FloridaSDC|Health Advocate EAP|Lee Health Innovates|LifeSynch|Managed Health Network (MHN)|MHNet|Military OneSource|MultiPlan Network|Mutual of Omaha|OptumHealth Behavioral Solutions|PacifiCare Behavioral Health|PHCS Network (including PHCS Savility)|Sedgwick|ValuePoint by MultiPlan|WTC (World Trade Center Nationwide)",,N,https://www.iboscounseling.com/index.php/payment/,insurance page,HIGH,"Full in-network list published as body text on the practice's own Payment page; names left exactly as printed, including the 'Evernorth Behavioral Health (formally Cigna Behavioral)' typo and the provider-restricted Medicare entry. Also printed: 'Out of Network with: Magellan' and an explicit exclusion - 'We do NOT accept Medicaid. This includes Healthy Kids, StayWell and Sunshine Health.' Self-pay is offered alongside insurance ('If you are a self-paying client with no insurance, fees can be discussed with each individual therapist'), so self_pay_only = N. Caveat: this is a general/EAP counseling practice list, not an ABA-specific one."
7010,Meraki Behavior Therapy LLC,Cape Coral,NO_LIST,,,N,https://merakibehaviortherapy.com/faq/,none found,MEDIUM,"Three pages loaded: homepage, FAQ, and the Become a Client / intake page - i.e. exactly the pages a plan list would live on. None names an insurer, Medicaid or a scholarship. The intake page is only contact info plus a Google Form link. No logo strip, no footer plan list."
6721,My Word Speech Therapy LLC,Cape Coral,NO_LIST,,,N,https://www.mywordspeech.com/contact-5,none found,MEDIUM,"All three pages of this 4-page site loaded (Home, Services, Contact). No insurance, fees or FAQ page exists. No insurer named, no logo strip, no Medicaid, scholarship or private-pay statement anywhere. Contact page is hours, address and social links only."
7034,"Positive Progress - Counseling & Coaching, PLLC",Cape Coral,NO_LIST,,,N,https://capecoralcounselor.com/,none found,MEDIUM,"Homepage loaded (content was therapist bio for Rick Merillat plus a support-group promo; the fetch surfaced no internal nav links). No insurer named, no fee or insurance statement. Attempted https://capecoralcounselor.com/contact/ twice and both attempts failed with ROBOTS_DISALLOWED ('Failed to fetch or parse robots.txt'), so subpages could not be checked - the site itself is live, hence NO_LIST rather than SITE_UNREACHABLE."
6818,"Prestige Behavioral Center, LLC.",Cape Coral,NO_LIST,,,N,https://www.prestigebehavioralcenter.com/,none found,MEDIUM,"Single-page Wix site; every nav item (Our Services, Careers, Apply, Opening Hours, Contact) is an anchor back to the homepage, which loaded fully. No insurer, Medicaid, scholarship or payment statement anywhere on it. A guessed https://www.prestigebehavioralcenter.com/insurance returned 404, confirming no insurance page exists. Intake is an off-site HIPAA JotForm, not part of their site."
7343,Puzzle Therapy Services,Cape Coral,florida-medicaid,,,N,https://puzzletherapyservices.com/about,body copy,MEDIUM,"Only one plan is named on the whole site, in body copy on the About page: 'Florida Medicaid'. The page adds 'We continue to contract with new insurance companies. If you do not see your insurance plan listed here, please call our office to check for the status of our application, as new plans are frequently being adopted.' Private pay is offered alongside insurance ('We also accept private pay in the form of personal checks or major credit cards'), so self_pay_only = N. Contact and Services pages were also loaded and name no plans."
7440,"Southwest Florida Sports Counseling, LLC",Cape Coral,aetna|cigna|florida-blue|unitedhealthcare,,,N,https://swfltherapy.com/rates-insurance/,insurance page,HIGH,"Rates & Insurance page names United Healthcare, Cigna, Aetna, BCBS. Also states 'Depending on your current health insurance provider or employee benefit plan, it is possible for services to be covered in full or in part.' and 'I accept cash, check and all major credit cards as forms of payment.' Cash offered alongside insurance so self_pay_only=N. Solo counseling practice ($90/hr posted), not an ABA provider."
7350,Sports Specialty and Rehab,Cape Coral,NO_LIST,,,N,https://www.selectphysicaltherapy.com/your-experience/insurance-and-patient-responsibilities/,none found,MEDIUM,"[trap b,c] sportsspecialty.com 302-redirects to selectphysicaltherapy.com — the practice was absorbed into Select Physical Therapy, a national chain. Its 'Insurance and Patient Responsibilities' page is generic billing education (deductibles, copays, coinsurance) naming zero insurers: 'As a courtesy, our patient service specialists review plan benefits we receive from your health insurance and work with you on payment options, if needed.' and 'We highly recommend that you contact your insurance company before your first appointment to confirm therapy services.' No Cape Coral location-specific insurance page. 3 attempts used."
7474,"Stepping Stone Kids Therapy, LLC - Cape Coral - 1342 Se 46th Ln",Cape Coral,aetna|sunshine-health,Carelon|Simply Healthcare Plan,,N,https://sskidstherapy.com/insurance/,insurance page,MEDIUM,"[trap b] Insurance page splits by service line: ABA in-network = Children's Medical Services healthplan from SunShine, Aetna, Carelon; Speech/OT in-network = Children's Medical Services healthplan from SunShine, Aetna, Simply Healthcare Plan. Page warns 'Not all insurance plans cover our ABA, OT and ST services.' and hedges 'Your insurance isn't listed above; That's okay... We take on most major insurances and accept a wide range of covered plans.' Multi-location provider (/locations/ exists); this is the company-wide insurance page — no page specific to the Cape Coral 1342 SE 46th Ln site."
6829,"The Back Door Counseling, LLC",Cape Coral,NO_LIST,,,N,https://thebackdoorcounseling.com/,none found,MEDIUM,"Attempt 1 on http://www.thebackdoorcounseling.com/ failed robots.txt fetch: '[SSL: CERTIFICATE_VERIFY_FAILED] self-signed certificate in certificate chain'. Retry on https://thebackdoorcounseling.com/ resolved, but the page is essentially contentless — no navigation, no insurance or payment copy, only a 'Website Created & Hosted by Doteasy Web Hosting Canada' credit. Effectively a placeholder/near-parked site. It did load, so not SITE_UNREACHABLE."
7290,Tukkos Therapy Center Inc,Cape Coral,NO_LIST,,,N,https://www.tukkosabatherapy.com/,body copy,MEDIUM,"Homepage's only insurance statement is 'We take most insurances.' — no insurer named, no logo strip. /services page names no payer either. Textbook do-not-infer case."
6491,Untamed Therapy & Consulting | EMDR Certified Trauma Therapy in SWFL,Cape Coral,NO_LIST,Lee Health,,N,https://untamedtherapy.com/,body copy,MEDIUM,"Only named payer: 'Untamed Therapy is in-network with Lee Health for weekly 55-minute psychotherapy sessions ONLY.' Everything else is out-of-network: 'Outside of that, we are an out-of-network provider, and EMDR Intensives are always private pay.' Also accepts HSA/FSA and issues superbills. self_pay_only=N because one genuine in-network contract is named, but the practice is predominantly OON/private pay. EMDR/trauma therapist, not an ABA provider."
8524,"Vitality Kids Counseling Group, Inc",Cape Coral,NO_LIST,,,N,https://vitalitykidscg.com/,none found,MEDIUM,"Homepage, /aba-therapy and /services all loaded cleanly and contain zero payment or insurance content — no insurer named, no logo strip, and not even a generic 'we accept insurance' sentence. Site is purely descriptive about ABA. 3 attempts used."
10596,ABA Centers of Florida - Celebration,Celebration,NO_LIST,,,N,https://abacentersfl.com/insurance-accepted/,none found,MEDIUM,"[trap b,c] The dedicated /insurance-accepted/ page names NO carrier at all. Body copy only: 'We accept most insurance plans.' and 'We work with most major insurance companies and will do all of the legwork for you.' No logo strip and no carrier names in image alt text; it funnels visitors to a 'Free Insurance Verification' contact form instead. Multi-location Florida chain (part of the multi-state ABA Centers brand) and the Celebration location has no separate insurance page."
6866,"360 Counseling LLC Clearwater, FL",Clearwater,aetna|cigna|florida-blue|unitedhealthcare,,,N,http://www.clearwater360counseling.com/,body copy,MEDIUM,"Named per-clinician in homepage staff bios rather than on one insurance page. 'Dr. Lauren Messina ... currently accepting United Insurance and private pay clients'; 'Adalyn Thomas ... accepts private pay and is in-network with Blue Cross Blue Shield (BCBS), Cigna and Aetna'; several interns repeat the BCBS/Cigna/Aetna line. Coverage therefore varies by clinician. 'United Insurance' left verbatim, not normalised to UnitedHealthcare. Private pay offered alongside insurance so self_pay_only=N."
5861,BayCare Kids Specialty Center- Mease Countryside,Clearwater,NO_LIST,,,N,https://baycare.org/billing-and-insurance/insurance-plans-accepted,none found,MEDIUM,"[trap b] The exact location URL in the CSV returns HTTP 404 (tried twice, with and without the utm query string) — the BayCare Kids Specialty Center - Mease Countryside location page is gone. BayCare's system-wide 'Insurance Plans Accepted' page does load and carries a very long carrier list, BUT it is explicitly scoped out of this facility: 'The plans listed below reflect insurance plans contracted for BayCare hospitals, Outpatient Surgery Centers and Outpatient Imaging Centers.' A children's specialty outpatient clinic is none of those, so applying that list to this record would be inference against the site's own scoping sentence. Recording NO_LIST for the location. If a curator wants the hospital-scope list anyway it is at the source_page_url above."
6906,Behavior Analysis Solutions LLC,Clearwater,NO_LIST,,,N,https://www.behavioranalysissolutions.com/,none found,MEDIUM,"JS-ONLY / EMPTY-RENDER SITE. Three attempts (/, /services, /about) each returned HTTP 200 but the document body contained nothing beyond a viewport meta tag — client-side-rendered page WebFetch cannot read. Domain is live so not SITE_UNREACHABLE, but no insurance content could be read. A browser-rendered recheck would be needed to rule out a list."
6614,Better Care Counseling,Clearwater,medicare|aetna|cigna|humana,Lyra (Employee Assistance Plan),,N,http://bettercarecounseling.com/rates-and-insurance,insurance page,HIGH,"'Rates and Insurance' page lists in-network plans with unusually specific carve-outs, kept verbatim including the all-caps exclusion on the BayCare line. Also states 'Depending on your current health insurance provider or employee benefit plan, it is possible for services to be covered in full or in part.' and accepts 'cash, check and all major credit cards' alongside insurance. Counseling practice, not ABA."
6800,"Bilingual Speech Therapy of Clearwater, LLC",Clearwater,aetna|molina|sunshine-health,Children Medical Service Health Plan|Simply Healthcare,Step Up,N,https://www.bstcflorida.com/,body copy,MEDIUM,"[trap d] Homepage lists the payers above and states 'We currently accept payments from self-pay clients as well as all of the above insurance companies and scholarship programs.' TRAP D APPLIED: 'Step Up' appears in the same on-site list as the insurers but is Step Up For Students, a Florida scholarship program — moved to scholarships_verbatim, not plans_verbatim. The /pricing page confirms it as a scholarship: 'We accept certain scholarship funds from Step Up and self-pay clients.' Self-pay offered alongside insurance so self_pay_only=N. Two pages contributed: homepage (payer list) and /pricing (scholarship wording)."
6814,C.H.O.O.S.E. Physical Therapy LLC,Clearwater,NO_LIST,,,N,https://choosephysicaltherapy.com/new-patient-forms,none found,MEDIUM,"Homepage and New Patient Forms page loaded. No insurer named anywhere; no insurance page in nav. Only reference is a downloadable form titled 'Billing (Self-Pay, Insurance)' with no explanatory copy and no carrier names."
6878,Center For Positive Change,Clearwater,NO_LIST,,,N,https://www.center4positivechange.com/,none found,MEDIUM,"Thin single-page site (branded 'Inner Peace') with counseling service descriptions and contact info only. No nav links exposed, no insurance/fees page reachable; /fees returned ROBOTS_DISALLOWED (robots.txt failed to parse). No insurer named and no insurance sentence of any kind."
6910,Hope Reconstruction Therapy,Clearwater,NO_LIST,,,N,https://hopereconstruction.com/details,body copy,MEDIUM,"Generic claim only: 'Insurance accepted for counseling and psychotherapy!' and 'Accepting insurance for counseling and psychotherapy' with no carrier named. Also offers sliding scale ('Sliding Scale Therapist No Insurance Mental Health Therapist $75 sessions available') alongside insurance, so not self-pay-only."
8374,"Katie Merricks Counseling, LLC, PHD",Clearwater,aetna|unitedhealthcare,,,N,https://katiemerrickscounseling.com/faqs-1,FAQ,MEDIUM,"FAQ page states 'We DO NOT accept most insurances, with the exception of Aetna and United as detailed below.' Also 'We are considered an ""out of network"" provider, however, most insurance companies are willing to provide some level of reimbursement.' Because Aetna and United/Optum are billed directly, self_pay_only = N. Single Clearwater location, no chain/footer issue."
6741,Learning Independence For Tomorrow - LiFT,Clearwater,NO_LIST,,Family Empowerment Scholarship for Unique Abilities (FES-UA)|FES-EO|FTC|FES Student Scholarships|Step Up for Students,N,https://liftfl.org/,body copy,MEDIUM,"[trap d] LiFT is a school/adult-transition nonprofit, not a billing therapy clinic. Only funding sentence: 'LiFT accepts the Family Empowerment Scholarship for Unique Abilities (FES-UA), FES-EO, FTC, and FES Student Scholarships through Step Up for Students.' Those are Florida scholarships, not insurance — kept out of plans_verbatim. No health insurer named anywhere."
6687,"Maria Dalrymple, MS CCC-SLP",Clearwater,SITE_UNREACHABLE,,,N,,none found,LOW,"3 attempts (http://kidsspeechtherapy.com/, https://kidsspeechtherapy.com/, http://kidsspeechtherapy.com/index.html) all failed with ROBOTS_DISALLOWED — robots.txt fetch ConnectTimeout / failed to parse. Fetcher never rendered a single page, so no content could be read. Likely a host-level bot block or a stalled server rather than a confirmed dead domain."
10397,Stillwater Therapy,Clearwater,NO_LIST,,,N,http://www.stillwater-therapy.com/,none found,MEDIUM,Homepage loaded and names no insurer and makes no insurance statement at all; only a 'Services page' reference and a 'free 15-minute consultation call'. Both attempts at /services (https and http) returned ROBOTS_DISALLOWED — 'All paths disallowed by robots.txt' — so deeper pages could not be read. NO_LIST is based on the one page that did load.
6498,Sunrise Therapy LLC,Clearwater,NO_LIST,,,Y,https://sunrise-therapy.net/booking/,intake page,MEDIUM,"'Forms and Insurance' intake page states 'For all private insurances, Sunrise Therapy is considered to be an out-of-network provider.' and 'Depending on your current plan and company, your insurance may still be billed for reimbursement.' plus 'Please note payment is due the day services are rendered.' Out-of-network only, so self_pay_only = Y. No carrier named anywhere on the page, so plans are NO_LIST."
6884,The Arc Tampa Bay Foundation,Clearwater,NO_LIST,,,N,https://thearctbf.org/,none found,MEDIUM,"The Arc Tampa Bay Foundation is the fundraising foundation arm (events, planned giving, 990s), not a billing service provider. No insurer, Medicaid, waiver or scholarship named anywhere on the homepage, and the nav contains no insurance, funding, billing or intake page at all."
7071,YMCA of the Suncoast Association Office,Clearwater,NO_LIST,,,N,https://www.ymcasuncoast.org/silver,body copy,MEDIUM,"[trap b] YMCA of the Suncoast is a multi-branch association; the row is the Clearwater association office and no branch-level payer page exists. The only 'insurance' page ('Insurance Based AOA', /silver) names Silver Sneakers(R), Renew Active and Silver & Fit - senior fitness benefits bundled with 'many Medicare Plans for adults 65+', not health-insurance coverage for autism/therapy services and not insurer names. No health plan or carrier is named, so NO_LIST."
6780,A-T Childrens Project,Coconut Creek,NO_LIST,,,N,https://atcp.org/,none found,MEDIUM,"A-T Children's Project is a national research/advocacy nonprofit for Ataxia-Telangiectasia, not a treatment provider that bills. No insurer named anywhere on the homepage and no insurance, billing, funding or intake page in the full nav or footer."
6535,Abundant Abilities,Coconut Creek,NO_LIST,,,N,http://www.abundantabilities.net/,none found,MEDIUM,"Homepage loaded: intro copy, service offerings and owner bios only. No insurer, no scholarship, and no insurance/payment sentence of any kind. No nav links exposed in the rendered page (likely JS-driven menu); https://abundantabilities.net/ (DNS: Name or service not known) and /insurance both failed robots.txt, so deeper pages could not be checked. NO_LIST is based on the homepage that did load."
6810,Acorn & Oak Speech Therapy,Coconut Creek,SITE_UNREACHABLE,,,N,,none found,LOW,"3 attempts (https://acornoaktherapy.com/, https://www.acornoaktherapy.com/, https://acornoaktherapy.com/insurance) all failed with ROBOTS_DISALLOWED - robots.txt returned HTTP 202 / failed to parse. Host answers with a 202 challenge instead of a real robots.txt, i.e. a bot-block (Cloudflare-style interstitial); no page content was ever rendered."
7028,Creative Minds ABA Services Inc.,Coconut Creek,NO_LIST,,,N,https://www.creativemindsfla.com/general-5,FAQ,MEDIUM,"Homepage names no insurers. FAQ says only: ""Yes, we work with various insurance providers. Contact us to verify your coverage and discuss payment options."" No carrier named anywhere. FAQ separately notes Home Care is private pay only, but ABA works with insurance, so self_pay_only=N."
6633,Find Peace by Piece,Coconut Creek,NO_LIST,,,N,https://findpeacebypiece.com/,none found,MEDIUM,"Homepage loads but renders almost no extractable content (likely JS-only single-page site); no insurer, no scholarship, no insurance sentence at all. /insurance/ and /services/ both returned 404. 3 attempts used."
8954,"The Foundation for Independent Living, Inc.",Coconut Creek,NO_LIST,,,Y,https://filinc.org/admissions/,intake page,MEDIUM,"Admissions page states twice: ""Please note that FIL is private pay only. We do not accept insurance, Medicaid, etc."" Residential/employment services org, not a billing ABA clinic."
9094,Williamsburg Therapy Group Miami,Coconut Grove,NO_LIST,,,Y,https://www.williamsburgtherapygroup.com/miami-fl,body copy (Miami location page) + insurance page (/in-network-care),MEDIUM,"[trap b] Multi-state chain (Brooklyn, Austin, Miami, Chicago). Location-specific Miami page states: ""Williamsburg Therapy Group is an Out-Of-Network Provider"" and ""We provide superbills that many clients use to seek reimbursement through their out-of-network benefits."" The site-wide /in-network-care page names Aetna and UHC (billed through Headway) but explicitly says ""in-network sessions are currently only available for Brooklyn patients"" - that list does NOT apply to the Miami row, so NO_LIST here. self_pay_only=Y (out-of-network only for Miami)."
6538,Stacey Hoaglund,Cooper City,NO_LIST,,,N,https://staceyhoaglund.com/healthcare-advocacy/,none found,MEDIUM,"Solo parent/patient advocate site (education + healthcare advocacy), not a billing ABA clinic. No insurer named and no insurance/fee/private-pay sentence anywhere on home or healthcare-advocacy page."
8952,Acorn Health ABA Therapy - Coral Gables,Coral Gables,florida-medicaid|aetna|cigna|florida-blue|unitedhealthcare|tricare,Anthem|CHAMPVA,,N,https://acornhealth.com/locations/coral-gables-fl/,insurance page (acornhealth.com/insurance/) + intake form dropdown on the Coral Gables location page,MEDIUM,"ANTHEM SIGHTING - Anthem does not operate in Florida, so this reads as a national brand strip rather than a verified Florida panel; confidence lowered. [trap b,c] Multi-state chain (FL, MI, VA, IL, MD, PA, TN). The identical carrier list appears in a site-wide intake-form dropdown rendered on both /insurance/ and the Coral Gables location page - it is one company-wide claim, not a Coral Gables-specific contract. ANTHEM SIGHTING: Anthem does not operate in Florida, confirming this is a national brand list rather than a Florida panel. Site explicitly disclaims: ""We are in contract with many commercial insurance companies, and we also accept Medicaid in some states, but our contracts do vary state-by-state"" and ""We accept most major insurance carriers, but ABA benefit coverage can vary."" Coral Gables page adds only ""We accept most health insurance plans for assessment and ongoing treatment."""
7306,Beans Behavior Analysis Services,Coral Gables,florida-medicaid,Commercial Insurances|Out of Pocket,,N,https://www.beansbehavior.com/,FAQ,MEDIUM,"Wix one-pager. FAQ ""What are my Financial Options?"" answers verbatim: ""Commercial Insurances, Florida Medicaid, or Out of Pocket. Provider availability is often case-by-case and explored in the first consultation."" Only ""Florida Medicaid"" is an actual named payer; ""Commercial Insurances"" and ""Out of Pocket"" are categories, kept verbatim as printed. No insurer logos or brand names anywhere. /resources page has no payment content."
6888,Blossom Behavior Therapy,Coral Gables,NO_LIST,,,N,http://www.blossombehaviortherapy.com/,none found,MEDIUM,"BOT-BLOCK: homepage loads and its nav contains a page literally titled ""Insurances & Scholarships"" (https://www.blossombehaviortherapy.com/insurances-we-work-with), but that page returned HTTP 429 on three separate attempts (Wix rate-limit/bot-block), so no plan or scholarship name could be read and none is printed on the homepage. A list almost certainly exists on that URL - worth a manual re-check."
5838,Developmental Applied Behavior Solutions,Coral Gables,NO_LIST,,,N,http://appliedbhs.com/,none found,MEDIUM,"Single-page marketing site for Developmental Applied Behavior Solutions (DABS). No insurer, no scholarship, no payment/fee/insurance sentence anywhere - not even a generic 'we accept insurance' line. /insurance returned ROBOTS_DISALLOWED. 3 attempts used."
6582,"Health of Mind, Inc",Coral Gables,NO_LIST,,,N,https://healthofmind.net/,none found,MEDIUM,"www host blocked twice on robots.txt (HTTP 202 / unparseable robots); non-www https loaded on the 3rd attempt. Thin one-page site - CTA buttons only ('Call us today', 'Get Started', 'Join Us'), no insurer named and no insurance sentence at all."
7324,Miami Speech Institute LLC,Coral Gables,florida-medicaid|unitedhealthcare|molina|wellcare,Miami Children's|Prestige Insurance|CMS T21 Insurance,,N,https://miamispeechinstitute.com/insurance/,insurance page,HIGH,"Real dedicated /insurance/ page listing Florida Medicaid-plan names verbatim (spellings left exactly as printed, incl. 'CMS T19/Medicaid', 'CMS T21 Insurance', 'StayWell/WellCare Insurance'). Page header: ""We accept a wide variety of insurances to cover speech therapy services at Miami Speech Institute."" Note: www.miamispeechinstitute.com does not resolve (DNS); apex host does. Speech-therapy clinic, single Coral Gables location."
6645,Seeds of Hope Behavioral Health,Coral Gables,NO_LIST,,,N,https://www.seedsofhopebh.com/services-provided,none found,MEDIUM,"Home, /services-provided and /who-we-are all loaded. No insurer, no scholarship, no funding source, and not even a generic 'we accept insurance' sentence anywhere - the site covers philosophy, team and services only. Contact is Info@seedsofhopebh.com."
7487,"Steps Therapy Center, Corp",Coral Gables,NO_LIST,,,N,https://stepstherapycenter.com/services-1765,body copy,MEDIUM,"[trap c] Only insurance reference on the whole site is the generic claim: ""Insurance-friendly: we accept most major plans"". No carrier named, no logo strip, no insurance page. Multi-service clinic (ABA, PT, OT, Speech, Internal Medicine, Immigration Medical Exam). Textbook 'most major plans' case - NO_LIST, not inferred."
8574,Bayview Therapy - Coral Springs,Coral Springs,NO_LIST,,,N,https://www.bayviewtherapy.com/good-faith-estimate,none found,MEDIUM,"Wix site. Homepage, /insurance (404) and /good-faith-estimate attempted; no insurer named anywhere. The Good Faith Estimate page only restates the No Surprises Act: ""Under the law, health care providers need to give patients who don't have insurance or who are not using insurance an estimate of the bill for medical items and services."" No self-pay-only statement, so self_pay_only=N."
7267,Foundations Therapy - Coral Springs,Coral Springs,NO_LIST,,,N,https://foundationstherapy.com/contact/,none found,MEDIUM,"Homepage, /resources/ and /contact/ all loaded. No insurer, no scholarship, and no payment-policy language anywhere. The site has no insurance or fees page at all."
7001,Leading Pathways ABA Therapy - Coral Springs,Coral Springs,aetna|cigna|florida-blue|humana,Beacon|Magellan,,N,https://leadingpathwaysaba.com/accepted-insurance-providers-for-aba-therapy/,insurance page,HIGH,"Dedicated insurance page with a logo strip. Beacon and Magellan read from logo alt text (""Ins-8bit-005f59-beaconho"", ""Ins-8bit-005f59-magellan""). Page also says ""We welcome a wide range of insurance plans"" and ""Don't see your insurance? Let us know and we can help!"", so the strip may not be exhaustive."
7005,"Little Leaves Behavioral Services, Coral Springs",Coral Springs,SITE_UNREACHABLE,,,N,,none found,LOW,"[trap b] Bot-block, not a dead site. Three attempts (http://littleleaves.org/location/coral-springs-fl/, https://littleleaves.org/..., https://www.littleleaves.org/...) all failed at the robots.txt stage (ConnectTimeout / parse failure), so no page content was ever retrieved. Little Leaves is a multi-state chain, so any general insurance page found would also have raised the multi-location trap versus this Coral Springs row."
6895,Shiloh ABA Inc.,Coral Springs,SITE_UNREACHABLE,,,N,,none found,LOW,"shilohaba.com returns HTTP 404 at the root on both http://www.shilohaba.com/ and https://shilohaba.com/ - the server answers but serves no site (dead/parked domain). A web search surfaced no alternate official domain for Shiloh ABA Inc., only third-party directory listings, which are out of scope."
6745,"The Helping Place, LLC/PTSD Solutions Therapy",Coral Springs,NO_LIST,,,Y,https://ptsdsolutionstherapy.com/rates-insurance/,insurance page,HIGH,"Their own ""Rates and Insurance Information"" page names no insurer at all. It states: ""Reset therapy is not covered by insurance. The patient will be completely responsible for the patient fee."" All listed payment methods are direct-pay (cash, check, PayPal, major credit cards, Zelle, Venmo), checks payable to ""The Helping Place, LLC"". No claim submission, superbill, or out-of-network billing offered. The FAQ page was also loaded and named no insurer. Caveat: the quoted sentence is scoped to Reset therapy specifically, though nothing on the site indicates any insurance is billed."
5879,"Utter Brilliance Therapy Services - Krista M. Hadeed, MS, CCC-SLP, PA",Coral Springs,NO_LIST,,Family Empowerment Scholarship (formerly Gardiner),Y,https://www.utterbrilliancetherapy.com/faqs,FAQ,MEDIUM,"[trap d] FAQ answer states verbatim: ""We do not participate with any insurance companies at this time."" They are out-of-network only and provide superbills for possible reimbursement, so self_pay_only=Y. They are an approved provider for the ""Family Empowerment Scholarship (formerly Gardiner)"" - that is a Florida scholarship, kept out of plans_verbatim (trap d). No insurer is named anywhere."
8118,Acquiring Skills Inc,Davie,SITE_UNREACHABLE,,,N,,none found,LOW,"Bot-block / fetch failure, not confirmed dead. Three attempts (https://www.acquiringskills.com/ twice, https://acquiringskills.com/ once) all failed at the robots.txt stage (ConnectTimeout, then parse failure). No page content ever retrieved, so no claim can be made either way."
6649,Autism Mind,Davie,SITE_UNREACHABLE,,,N,,none found,LOW,Parked domain. http://www.autismmind.com/ returns HTTP 302 to https://forsale.godaddy.com/forsale/autismmind.com - the domain is listed for sale on GoDaddy and no provider site exists. Not fetched further since the redirect target is not the provider's site.
9119,Avant Garde Behavioral Therapy,Davie,NO_LIST,,,N,https://www.avantgardekids.com/,logo strip,HIGH,"AMBIGUOUS LOGOS - could not identify. The homepage does carry an insurance logo strip, but it is rendered as flat SVG/JPG images on the Sanity CDN with no readable alt text and hashed filenames (e.g. .../d29da4a8c8df7f14c833df34fc5389f76f26a9e8-2500x638.svg). Fetching that SVG directly returned ""Image content is not supported"". No insurer name appears in text anywhere on the site, and there is no insurance/funding page. Returning NO_LIST rather than guessing which carriers the logos represent - a human eyeball on that strip would resolve it."
7424,Avant-Garde Therapy,Davie,NO_LIST,,,Y,https://a-gtherapy.com/about/rates-insurance/,insurance page,HIGH,"Their own ""Rates & Insurance"" page states verbatim: ""At this time, Avant-Garde is not accepting insurance."" They add ""We can offer a super bill to receive out-of-network reimbursement"" and advise clients to ""check with your insurance policy to see if they accept super bills as each plan and policy is unique."" Payment is ""cash, check and all major credit cards""; $250 per 50-minute session with bulk packages and a sliding scale. No insurer named anywhere. Note this is a different company from id 9119 (Avant Garde Behavioral Therapy / avantgardekids.com) despite the similar name."
6806,Baudhuin Preschool,Davie,NO_LIST,,,N,https://msc.nova.edu/autism-institute/preschool/index.html,none found,MEDIUM,"CSV website was the bare nova.edu root; the actual Baudhuin Preschool pages are under msc.nova.edu (NSU Mailman Segal Center / Autism Institute). Both the preschool page and the Autism Institute index were loaded and neither names any insurer, scholarship, tuition figure, or funding source. The preschool page routes prospective families through Broward Child Find at (754) 321-2204, consistent with a school-district-funded program rather than an insurance-billed clinic."
5819,Behavior Analysis Inc,Davie,aetna|cigna,AVMed,,N,https://www.behavior-analysis.org/,footer,MEDIUM,"ANTHEM SIGHTING - Anthem does not operate in Florida, so this reads as a national brand strip rather than a verified Florida panel; confidence lowered. [trap a] SITE-WIDE FOOTER: the logo strip sits under the heading ""WE ACCEPT ALL MAJOR INSURANCE COMPANIES"" and renders identically on the homepage and /contact-us/, so it is one company-wide claim, not a Davie-location fact. Only Cigna, AVMed and Aetna were confirmed as actual text/link labels; the remaining logo slots reference a placeholder image (wp-content/uploads/blank.png) and are lazy-loaded, so they could not be read. A first pass of the homepage also suggested UnitedHealthcare, Humana, Anthem, Florida Blue and Blue Cross Blue Shield, but those were not confirmed on re-read and the Anthem sighting looks like a generic national brand strip - deliberately EXCLUDED rather than guessed. The strip is also undercut by the blanket ""We accept all major insurance companies"" claim above it."
6701,Developmental Therapies And Beyond | ABA Therapy | Speech and language therapy | Occupational therapy,Davie,NO_LIST,,,N,https://www.developmentaltherapies.com/,none found,MEDIUM,"Single-page site; only generic claim: ""We accept most major insurance plans."" No logos, no named insurers anywhere. All nav links are same-page anchors (#services, #contact-us), so there is no separate insurance page to check."
6557,Florida Autism Treatment Center,Davie,aetna|cigna,AVMED,,N,https://www.behavior-analysis.org/contact-us/,footer,MEDIUM,"[trap a] Logo strip under the heading ""WE ACCEPT ALL MAJOR INSURANCE COMPANIES"" renders in the site-wide footer (confirmed identical on homepage and contact-us). One company-wide claim, not a location-level fact. Only these three logos were legible; the generic ""all major insurance companies"" line itself is not a list."
6855,Healing Words Therapy,Davie,aetna|cigna|unitedhealthcare,Oxford|Oscar Health|Harvard Pilgrim,,N,https://healingwordstherapy.com/fees-and-insurance,insurance page,HIGH,"Named as in-network payers on the Fees and Insurance page. Out-of-network reimbursement and private pay are described alongside insurance, so not self-pay only. Note: this is a mental-health counseling practice (anxiety/depression/trauma/OCD), not an ABA provider - the plan list is not ABA-specific."
6550,Joshua's Path Disability Services of Goodman JFS,Davie,NO_LIST,,,N,https://www.jfsbroward.org/services/joshuas-path-boost-disability-services/,none found,MEDIUM,"Program page for a nonprofit (Goodman JFS of Broward). No insurer named anywhere and no insurance or payment sentence at all. The footer logos are grant funders (Jewish Federation, United Way of Broward County, Claims Conference), not insurers, so they are not counted."
6916,Mindful Lotus Therapy Inc.,Davie,medicare|aetna|cigna|florida-blue|humana|unitedhealthcare|tricare,Oscar|AvMed|Lyra,,N,https://www.mindfullotustherapyfl.com/faq,FAQ,MEDIUM,"Full list appears in an FAQ answer. Homepage body copy carries a shorter subset (""Insurance Accepted: Cigna, Aetna, Medicare, Tricare, Lyra, Blue Cross and Blue Shield & Humana""); I used the fuller FAQ list. Text, not logos, and not a repeating footer. Practice is a mental-health/EMDR counseling group licensed in Florida and New Jersey, not an ABA provider."
6717,The Playful Minds Psychology Center of South Florida,Davie,aetna|cigna|florida-blue,,,N,https://www.playfulmindscenter.com/services.html,body copy,MEDIUM,"Services page states: ""We accept BlueCross BlueShield, Aetna, and Cigna. Please keep in mind that most insurance plans do not cover academic or gifted testing and may require prior authorization to proceed."" Cash/check/credit and possible out-of-network reimbursement are offered alongside insurance, so not self-pay only. Homepage and appointments page name no insurer. Psychological testing/therapy center, not ABA."
6912,TMZ BEHAVIORAL CARE: Dr. Charline Boufin,Davie,medicare|aetna|cigna|florida-blue|humana|unitedhealthcare,Oscar Health,,N,https://www.tmzbehavioralcare.com/florida/,body copy,MEDIUM,"[trap b] Multi-state telehealth practice with separate California, Arizona and Florida pages. I used the FLORIDA-specific page; its body section is headed ""Accepted Insurance for Telehealth"". The homepage carries a broader company-wide strip that also shows Oxford Health Plans and Florida Blue - those are absent from the Florida page, so I did not merge them. Psychiatry/behavioral telehealth, not center-based ABA."
6574,"A Helping Hand, Inc",Daytona Beach,aetna|cigna|florida-blue|unitedhealthcare|tricare|sunshine-health,Lucet|Care Source|Careleon|Curative|Evernorth|Health First|Multiplan/PHCS|New Directions|Oscar|Pedicare|Priority Health,,N,https://www.helpinghandinc.org/insurance-payment,insurance page,HIGH,"Dedicated Insurance & Payment page. Names left exactly as printed, including apparent site typos ""Careleon"" (Carelon) and ""Pedicare"". Private pay offered alongside insurance: ""For those without insurance or who prefer to pay out-of-pocket, we offer private pay options."" Homepage only says generically ""accepting most insurance plans, including Medicaid."" Psychiatry/mental-health practice (ADHD, Spravato, testosterone clinic), not ABA."
6695,Alternative Speech and Swallowing Solutions,Daytona Beach,SITE_UNREACHABLE,,,N,,none found,LOW,"3 attempts used. http://www.alternativespeech.com/contact-us-swallowing-exercises/ and the https version both failed DNS resolution (""robots.txt fetch failed: Name or service not known""); https://www.alternativespeech.com/ returned an empty document with no text, no nav and no links. Domain appears dead or parked. A web search surfaced only third-party directories (Yelp, YellowPages, BBB, Facebook), which I did not use as a source. Listings also place this practice in Altamonte Springs/Orlando/Deltona rather than Daytona Beach."
6532,AmeraCell Clinics,Daytona Beach,NO_LIST,,,N,https://ameracell.com/,none found,MEDIUM,"Multi-state stem-cell/regenerative clinic chain (Florida, Virginia, Maryland, Texas, Indiana, California location pages). No insurer named on the homepage or on the Florida Cell Clinic page, and no insurance or payment sentence of any kind - so NO_LIST rather than self-pay; I did not infer cash-pay from the clinic type. Record looks mis-categorised for an ABA directory: no autism or behavioral service offered."
9032,Be Kind To Mind Counseling,Daytona Beach,aetna|cigna|florida-blue|unitedhealthcare,Oxford|Oscar|Carelon Behavioral Health,,N,https://bekindtomind.com/services-and-pricing,body copy,MEDIUM,"Listed under the heading ""Insurances Accepted"" on the Services and Pricing page; no surrounding prose about coverage, out-of-network or superbills. Homepage names no insurer. Counseling practice (LCSW/LMHC therapists), not ABA."
6608,Coastal Mental Health Center,Daytona Beach,florida-medicaid|aetna|cigna|humana|unitedhealthcare|molina|sunshine-health|florida-kidcare|florida-healthcare-plans,Allied Health Indemnity|Benefit Administrative Systems Network|BHN|Carelon Behavioral Network|Direct Health Partners Network|Evolutions|First Health Network|Imagine360 Network|Prime Network|West Volusia Hospital Authority|Wellpoint|World Trade Center Health Program|Children's Medical Services|Clear Health Alliance|Community Care Plan|Florida Community Care|CHAMPVA,,N,https://coastalmhc.com/insurances,insurance page,HIGH,"Dedicated Insurances page, grouped on the site as commercial plans/networks, Medicaid & Healthy Kids plans (Aetna Better Health through UnitedHealthcare Community Plan), and military (CHAMPVA). Important exclusions stated on the same page: ""CMHC does not participate in straight/direct Medicaid (with or without share of cost)"", ""CMHC does not accept Medicare or any Medicare Advantage/Dual plans"", ""CMHC does not participate in any Blue Cross Blue Shield plans"". Self-pay rates also published ($100 initial assessment, $175 psychiatric evaluation, $50 clinic visit) alongside insurance, so self_pay_only is N. Homepage says only ""Coastal Mental Health Center accepts most insurance plans"". Community mental health center, not ABA."
8529,Community Partnership for Children,Daytona Beach,NO_LIST,,,N,http://www.communitypartnershipforchildren.org/find-support/,none found,MEDIUM,"Foster care / adoption lead agency, not a billing clinic. No insurer or plan named on the homepage or the Find Support page, and no sentence about accepting insurance. The only Medicaid content is a referral resource for youth in foster care - ""Medicaid Help Line: 1-866-76ACCESS (1-866-762-2237)"" plus a link to a Medicaid info page - which is not a claim about plans this organisation accepts, so it is not counted as a published list."
7019,Daytona Beach Counseling Center,Daytona Beach,NO_LIST,,,N,https://www.opendoorscounselingnetwork.com/faq,none found,MEDIUM,"daytonabeachcounselingcenter.com 302-redirects to opendoorscounselingnetwork.com (a different brand). Homepage and FAQ name no insurer and carry no insurance statement at all; FAQ gives only cash pricing '$70 to $120 per session' and mentions 'programs to help people who cannot afford counseling.' No private-pay-only declaration, so self_pay_only = N."
8970,Easterseals Autism Center of Excellence - Daytona Beach,Daytona Beach,NO_LIST,,,N,https://florida.easterseals.com/get-support/areas-of-support/autism-and-medical-rehabilitation,none found,MEDIUM,"[trap b] Statewide Easterseals Florida page, not a Daytona Beach location page. Loaded the autism/medical-rehab page, the Behavior Support Services page and the Focused ABA Therapy page: no insurer named and no insurance sentence of any kind on any of them."
8971,Embridge Counseling Services,Daytona Beach,florida-medicaid|aetna|cigna|florida-blue|unitedhealthcare|tricare|molina|sunshine-health|wellcare|florida-healthcare-plans,"AnthemEAP|Compsych|OneMilitary Source|Health Advocates (EAP)|Bensinger, DuPont and Associates (EAP)|Carebridge Corporation|Volusia Health Network|Value Options|Children Medical Services|Concordia|Psych Care|Beacon Health",,N,https://www.embridgecounselingservices.com/,body copy,MEDIUM,"ANTHEM SIGHTING - Anthem does not operate in Florida, so this reads as a national brand strip rather than a verified Florida panel; confidence lowered. Homepage names payers under the heading 'Most Insurances Accepted'; payment methods stated as 'Cash, Check, Credit Cards or Insurances.' AnthemEAP appears as an EAP payer among Florida-specific plans, not as part of a national brand strip."
7230,Full Spectrum ABA - Daytona Beach,Daytona Beach,florida-medicaid|aetna|cigna|tricare,Advent Health,,N,https://www.fullspectrumaba.com/abaservicesfl,body copy,MEDIUM,"[trap b] Multi-state chain (FL, GA, SC, TN, MS). The list is on the Florida state services page, NOT a Daytona Beach location page; the homepage and FAQ name no insurer. Page states: 'At Full Spectrum ABA we accept Medicaid and a wide variety of insurance providers.'"
6676,Halifax Health Brooks Rehabilitation OP - Daytona Pediatrics,Daytona Beach,medicare|aetna|cigna|florida-blue|humana|unitedhealthcare|tricare|sunshine-health|wellcare|florida-healthcare-plans,AlaMed|AmeriHealth Caritas|Claritev|CorVel|Coventry|Devoted Health|Florida Community Care|Freedom Health|Heritage Summit Healthcare|Integrated Health|Liberty Mutual|Mayo Medica|Medrisk|Optimum Health|Paradigm|Praxis Health Network|Prime Health|Simply Healthcare|SP Net|Triwest|VACCN|Volusia Health Network,,N,https://brooksrehab.org/accepted-insurances/,insurance page,MEDIUM,"[trap b] System-wide Brooks Rehabilitation page covering all care settings across FL/GA; NOT specific to the Daytona Pediatric clinic. Reported the 'Outpatient Clinics' column because this row is an outpatient clinic (the page also has separate inpatient, home health, SNF, physician practice and behavioral health columns). The Daytona Pediatric location page names no insurer, only 'Your insurance benefits and other financial information will be verified by the Brooks team.' Site disclaimer: 'Some plans may limit coverage for hospital-based clinics. Please check with your insurance provider to confirm your specific clinic is covered.' Florida Health Care Plans is qualified 'Accepted counties: St. John's, Flagler, Volusia, Seminole, Brevard.'"
7369,The Front Porch,Daytona Beach,NO_LIST,,,N,https://frontporch.support/,none found,MEDIUM,"Small GoDaddy-built counseling site. Homepage and the Free Resources page contain no insurer name and no insurance or payment sentence whatsoever; navigation (Home, Our Staff, Free Resources, Treatment Modalities, Free Consult / Book Appt) offers no insurance, billing, FAQ or intake page to check."
10288,My Favorite Therapists - Deerfield Beach - 1239 E Newport Center Dr,Deerfield Beach,aetna|cigna|florida-blue|unitedhealthcare,Magellan Behavioral Health|Lucet|Orlando Health,,N,https://myfavoritetherapists.com/insurance-we-accept/,insurance page,HIGH,"The Deerfield Beach center page in the CSV names no insurer; the list comes from the site-wide 'Insurance We Accept' page (this provider appears to be a single Deerfield Beach center, so the site-wide/location distinction is minor). /insurance/ returns 404. Page adds: 'We work with all out of network insurances as well.'"
9212,Easterseals ELITE ABA Services - DeLand,Deland,NO_LIST,,,N,https://florida.easterseals.com/get-support/areas-of-support/autism-and-medical-rehabilitation,none found,MEDIUM,"[trap b] CSV points this DeLand row at the same statewide Easterseals Florida URL as id 8970; there is nothing DeLand-specific on it. Autism/medical-rehab, Behavior Support Services and Focused ABA Therapy pages all loaded - no insurer named and no insurance sentence anywhere."
8493,Behavioral foundation Centers,Deltona,aetna|cigna|florida-blue|humana|unitedhealthcare,CMS (Children's Medical Services),,N,http://behavioralfoundation.org/our-programs/,body copy,MEDIUM,"Homepage carries only the generic banner 'Now Accepting - ALL MAJOR INSURANCES' with no names. The named list is on the Our Programs page: 'In-Network provider with most major insurances including CMS (Children's Medical Services), Aetna, Humana, United Healthcare, Cigna, and BCBS!'"
10002,Kids Therapy Connection Doral - 2500 Nw 107th Ave,Doral,aetna|cigna|florida-blue|unitedhealthcare|molina|sunshine-health,Simply Healthcare|AvMed|Act 4 Me,Florida VPK,N,https://kidstherapyconnection.com/parent-resources/,logo strip,HIGH,"Homepage says only 'they accept insurance for occupational and speech therapy' and links 'Insurances we accept' to the Parent Resources page, where the payer logo strip lives. That page states: 'We are in network with many insurance providers and in most cases do bill them for services. There are some insurance companies we are not in network and will provide you with an invoice for you to submit your own claims for reimbursement.' 'Act 4 Me' appears in the strip but is a program rather than a commercial insurer; 'Florida VPK' is a state education-funding program so it was moved out of plans_verbatim. Logo alt text was not exposed, so names were read from the surrounding text labels."
6032,Modern Minds Counseling and Art Therapy,Dunedin,aetna|cigna|unitedhealthcare,Blue Cross MA,,N,https://www.modernmindscounseling.com/,body copy,MEDIUM,"Names sit in a therapist-profile-style panel on the practice's own homepage next to 'Individual Therapy: $150', 'Accepts Insurance' and 'Accepting New Clients'. FLAG: 'Blue Cross MA' and 'United Healthcare Oxford' are Northeast/out-of-state brands on a Dunedin FL site, which suggests a boilerplate practice-management widget rather than a curated Florida list - treat with caution before importing."
8780,Oasis Mind Lab – Coaching & Consulting for Work & Life,Dunedin,NO_LIST,,,N,https://www.oasismindlab.com/,none found,MEDIUM,"Coaching/consulting practice, not a billing clinic. Homepage and the 'Working with your therapist' page name no insurer and make no insurance, self-pay, cash-pay or superbill statement. Closest relevant wording is that services are a 'non-clinical, future-focused space of coaching' - suggestive of non-billable services but never an explicit private-pay-only declaration, so self_pay_only is N rather than Y. No insurance, billing, FAQ or intake page exists in the nav."
7575,Island Cove Behavioral Pediatrics,Fleming Island,NO_LIST,,,N,https://islandcovebehavioralpediatrics.com/get-started/,none found,MEDIUM,"The Get Started page has a heading 'We are In-Network with These Funders' but the funder names exist ONLY inside a single flattened image whose alt text is just 'island cove insurances' - no individual wordmarks, alt text or filenames are exposed, so no plan name could be read. Homepage and Services page contain no insurer text either. AMBIGUOUS LOGO IMAGE: this provider almost certainly does publish a funder list, but it is not machine-readable; a human eyeball on https://islandcovebehavioralpediatrics.com/get-started/ would resolve it."
7287,Bayview Therapy - Fort Lauderdale,Fort Lauderdale,NO_LIST,,,N,https://www.bayviewtherapy.com/contact-us,none found,MEDIUM,"Loaded homepage, /fort-lauderdale location page and /contact-us. No insurer named anywhere, no insurance/fees page in the nav, and no generic 'we accept insurance' line either. Only fee-related copy is 'offer a range of fee options'."
6034,CAP Speech Therapy,Fort Lauderdale,aetna,,Step-Up Scholarship for Students with Unique Abilities (FES-UA),N,https://www.capspeech.com/payment,insurance page,HIGH,"[trap d] Dedicated Payment page names Aetna only; homepage adds 'Starting 6/6/26 we will be an Aetna provider.' Also prints the generic 'We also accept all out-of-network insurances' with no other insurer named, so nothing further counted. Step-Up/FES-UA is a scholarship, kept out of plans_verbatim."
6499,Children's Diagnostic & Treatment Center,Fort Lauderdale,NO_LIST,,,N,https://childrensdiagnostic.com/,none found,MEDIUM,"childrensdiagnostic.org 302-redirects to childrensdiagnostic.com. Loaded homepage and /contact/. No insurer named, no insurance/billing/financial link in the nav, and no generic insurance sentence at all. Broward Health affiliate (donation and careers links point to browardhealth.org)."
9240,Children's Love Corp - 2929 E Commercial Blvd Ph-B,Fort Lauderdale,florida-medicaid|aetna|cigna|florida-blue|humana|unitedhealthcare|tricare,Oscar|CHAMPVA|Curative|Preferred Care Network|ComPsych|Surest|AvMed|Obamacare,Step Up For Students,N,https://childrenslove.care/childrens-love-insurance.html,insurance page,MEDIUM,"[trap b,d] List sits in the body of the dedicated insurance page under the heading 'Plans currently displayed'; the identical block also renders on the homepage. It is a company-wide claim, not specific to the 2929 E Commercial Blvd Ph-B site (separate Locations page exists). Printed disclaimer: 'Participation and coverage vary by plan, employer group, diagnosis, authorization and location.' Step Up For Students moved to scholarships."
6590,Deliver the Dream,Fort Lauderdale,NO_LIST,,,N,https://deliverthedream.org/,none found,MEDIUM,"Nonprofit family-retreat charity, not a billing provider. Homepage and full nav (programs, retreats, volunteer, donate) contain no insurer name and no insurance, cost or fee sentence."
7959,"Glory to God Care, PPEC Fort Lauderdale",Fort Lauderdale,SITE_UNREACHABLE,,,N,,none found,LOW,"3 attempts (https://glorytogodppec.com/ twice, https://www.glorytogodppec.com/ once) all failed at the robots.txt stage with ConnectTimeout / parse failure. Nothing loaded, so no page could be read."
6951,Lifeskills South Florida Fort Lauderdale,Fort Lauderdale,cigna|florida-blue|unitedhealthcare|tricare,Carelon Behavioral Health,,N,https://lifeskillsbehavioralhealth.com/admissions/,intake page,MEDIUM,"[trap b] lifeskillssouthflorida.com 302-redirects to lifeskillsbehavioralhealth.com (rebrand). The Ft Lauderdale detox/residential location page named no insurer at all; these names come from the company-wide Admissions page payment-options table, split by level of care - residential lists Carelon Behavioral Health and Cigna; outpatient PHP/IOP lists Blue Cross BlueShield, Optum (UHC, UBH, UMR), Tricare East, Cigna. Multi-site chain, so this is not a location-level fact. Also prints 'Many clients combine private pay with out-of-network insurance benefits to cover the cost of treatment.'"
9029,MorMindful Therapy & Psychiatry Fort Lauderdale,Fort Lauderdale,NO_LIST,,,Y,https://www.mormindful.com/fort-lauderdale-psychologist,FAQ,MEDIUM,"Explicitly does not bill insurance: 'No. To maintain quality of care and keep specialized doctors on staff, MorMindful does not process insurance directly.' and 'In order to ensure the highest quality service and maintain specialized doctors, we are unable to process insurance.' Superbill offered for the client to file out-of-network. No insurer named."
6731,"Restorative Integrations, Fort Lauderdale EMDR Therapy",Fort Lauderdale,NO_LIST,,,N,https://restorativeintegrations.com/,none found,MEDIUM,"The www host is bot-blocked - www.restorativeintegrations.com returned robots.txt 429 then 'All paths disallowed by robots.txt' - but the apex host loaded on the 3rd attempt. No insurer named and no insurance, out-of-network, superbill or private-pay sentence anywhere on the loaded page."
7253,You & Us aba service,Fort Lauderdale,florida-medicaid|aetna|cigna|florida-blue|tricare,VPK SIS,Step Up,N,https://abaunus.com/insurance/,logo strip,HIGH,"[trap d] Logo strip on the dedicated insurance page headed 'We are in network with these insurers'; the same strip also appears on the homepage. Identical names repeat as options in the page's plan dropdown (Florida Medicaid, Blue Cross Blue Shield, Aetna, Cigna, Tricare, VPK SIS, Step Up, Other). Step Up is a scholarship and was moved out of plans_verbatim; VPK SIS is Florida's VPK Specialized Instructional Services, a state program rather than an insurer, but it is printed inside the insurer strip so it is retained verbatim. Generic caveat printed: 'Don't see your plan? We may still be able to help!' and 'ABA therapy is often covered by health insurance, but every plan has its own rules.'"
7299,A Peaceful Mind Counseling Group,Fort Myers,NO_LIST,,,Y,https://apmcounseling.org/faqs/,FAQ,MEDIUM,"Self-pay practice by policy: 'The reason we do not accept insurance is because insurance companies believe that our clients should fit specific treatment diagnosis, goals and outcomes.' and 'By not billing insurance, no diagnosis is necessary.' Payment: 'We accept cash, check and all major credit/debit cards.' No insurer named on homepage or FAQ."
7315,ABA Results,Fort Myers,NO_LIST,,,N,https://abaresults.com/fort-myers,none found,MEDIUM,"Loaded homepage, the Fort Myers new-client page (/fort-myers-4) and the Fort Myers location page. Insurance is referenced only procedurally - 'We will need a copy of the autism diagnosis, ABA referral, ADOS testing and a front and back copy of your insurance card.' - with no insurer named anywhere on the site."
8807,"Blue Horizon Professional Group, Inc",Fort Myers,NO_LIST,,,N,https://www.bluehorizoncare.net/,body copy,MEDIUM,"Homepage claims only a category, never a plan: 'At Blue Horizon Therapy Center, we partner with major Medicaid managed care plans to make ABA therapy accessible and stress-free for families across Florida.' First homepage attempt read-timed-out; second succeeded. /contact-us/ also names no plan and the nav has no insurance page (Home, Our Staff, Contact us, Terms, Privacy only)."
7426,Bright Future with ABA,Fort Myers,NO_LIST,,,N,https://brightfaba.com/our-process,logo strip,HIGH,"AMBIGUOUS LOGOS — could not identify. The /our-process page has a heading 'Insurances we accept' followed by ~11 logo images, but they render as empty markdown (no alt text, no src filename, no wordmark text) across 3 fetch attempts, so no insurer name could be read. Only prose is 'Our team can assist you with gathering the necessary documentation and submitting claims, ensuring you receive the support your child needs.' Returning NO_LIST rather than guessing the logos — a human eyeballing that strip would recover the list. Site is a small 2-page Fort Myers provider (EN + ES); no dedicated insurance/FAQ/funding page exists."
6811,Center for Independent Living of Gulf Coast,Fort Myers,NO_LIST,,,N,https://www.cilgulfcoastflorida.org/,none found,MEDIUM,"Center for Independent Living of Gulf Coast — a disability-services nonprofit, not an ABA billing clinic. Homepage and full nav (Programs & Services, Core Services, Employment Program, Youth Services, Housing, FAAST SW Regional Demo Center, JP-PAS) contain no insurance section, no insurer name, and no insurance/billing/funding page. There is not even a generic 'we accept insurance' sentence to quote."
5788,Children’s Advocacy Center of Southwest Florida,Fort Myers,NO_LIST,,,N,http://www.cac-swfl.org/,none found,MEDIUM,"Children's Advocacy Center of SWFL — a donation-funded child-abuse advocacy nonprofit (site pushes donations, wish list, facility tours). Homepage names no insurer, links no insurance/billing/funding page, and makes no insurance claim at all, generic or specific."
9088,Dandelion Behavioral Health - Fort Myers,Fort Myers,medicare|aetna|cigna|florida-blue|unitedhealthcare|tricare,Meritain Health|Claritev|Imagine360|Managed Care Concepts|Surest|Oscar Health|ChampVA|Carelon|CCA Commonwealth Care Alliance|Spring Health|Curative|Oxford Health Plans|Lee Health|Quest Behavioral Healthcare|Allegiance|Assurant|Boon Chapman|Consociate Group|Golden Rule|Healthscope|Johns Hopkins Healthcare|Magna Care|Sana Benefits|The Loomis Company,,N,https://www.dandeliontherapygroup.com/payment-insurance,insurance page,MEDIUM,"[trap b] dandelionbehavioral.com 302-redirects to dandeliontherapygroup.com (same org, rebranded). This is the COMPANY-WIDE 'Insurance & Fees' page and the site presents it as applying to all offices, so it is NOT a Fort-Myers-specific fact; the group is multi-office (phones 321-800-7504 and 941-780-4268). Names kept exactly as printed, including the trailing 'additional networks' block. Explicit: 'Medicaid is not accepted at this time.' Also 'If we aren't currently in-network with your specific provider, you may still be able to use your out-of-network benefits' and 'Insurance is not accepted for court-ordered mental health evaluations or services.' Private pay is offered ALONGSIDE insurance ($150-175 intake, $125-150 subsequent), so self_pay_only = N."
7254,Denali Institute,Fort Myers,florida-medicaid|aetna|cigna|florida-blue|unitedhealthcare|tricare|molina|sunshine-health,CMS Health Plan|Oscar|Simply Healthcare,,N,http://www.denalibehaviorcrt.com/,body copy,MEDIUM,"ANTHEM SIGHTING - Anthem does not operate in Florida, so this reads as a national brand strip rather than a verified Florida panel; confidence lowered. Denali Institute / denalibehaviorcrt.com homepage carries a named plan list in body copy, not a logo strip. Qualifier printed on the page: 'Coverage differs by service. Medicaid plans, including Sunshine Health and CMS Health Plan, are accepted for ABA therapy.' Site also links /eligibility.html and /good-faith-estimate.html. Single Florida location, so no footer/multi-location ambiguity. No Anthem sighting."
6937,Evolve Behavior Therapy Services,Fort Myers,aetna|cigna|florida-blue|humana|unitedhealthcare|tricare|sunshine-health,Magellan,,N,https://www.evolvebehaviortherapyservices.com/copy-of-aba-therapy-insurances-accepted-1,logo strip,HIGH,"Dedicated 'Insurances Accepted' page reached from homepage nav; the list is a logo strip and these insurers were legible from it. Single Fort Myers provider, so the strip is a location-level claim. The site also has a separate 'Private Pay Consultation Services' page — private pay is offered alongside insurance, so self_pay_only = N, not Y."
8626,Full Spectrum ABA - Fort Myers,Fort Myers,NO_LIST,,,N,https://www.fullspectrumaba.com/faq,none found,MEDIUM,"Three pages loaded (homepage, /faq, /get-services) and not one insurer is named anywhere. The site makes NO insurance claim at all — not even a 'we accept most insurances' sentence to quote. Multi-state chain: separate regional phone numbers for Tampa, DeFuniak Springs/Monticello, Melbourne/Daytona Beach, Bradenton/Fort Myers, Summerland Key/Marathon, and South Carolina; no Fort-Myers-specific page. Only money-related page is /pay, which is a payment portal, not a coverage list."
6040,Hopebridge Autism Therapy Center - Fort Myers - 4150 Ford St,Fort Myers,florida-medicaid|aetna|cigna|florida-blue|humana|unitedhealthcare,Key Benefit Administrators,,N,https://www.hopebridge.com/insurance/,insurance page,MEDIUM,"ANTHEM SIGHTING - Anthem does not operate in Florida, so this reads as a national brand strip rather than a verified Florida panel; confidence lowered. [trap b] The Fort Myers center page (https://www.hopebridge.com/centers/fort-myers-fl/) was loaded and names NO insurer — it has no insurance content whatsoever. The list above is from the national /insurance/ page, which breaks coverage out BY STATE; I used the FLORIDA / ABA Therapy block only. No center-level list exists, so this is a state-level claim, not a Fort-Myers fact. Hopebridge is a 10-state chain (AL, AZ, FL, GA, IN, KY, NC, OH, OK, TN). ANTHEM SIGHTING: Anthem, Kaiser Permanente, CareSource, Molina, Wellcare and Ambetter appear on that page for OTHER states and were deliberately excluded — they are not in the Florida block."
6572,Impact For Developmental,Fort Myers,NO_LIST,,,N,https://impactforkids.org/,none found,MEDIUM,"IMPACT for Developmental Education — a private not-for-profit inclusive preschool/childcare, not a billing therapy clinic. Homepage publishes a TUITION rate card by age group (e.g. infant full-time $270/wk, preschool-4 part-time $120/wk) and /faqs (also loaded) covers hours, before/after care, summer program and donations only. No insurer named on either page and no scholarship named. Critically, there is NO sentence saying they do not bill insurance, so self_pay_only is left 'N' rather than inferred 'Y' despite the tuition-only appearance. Site carries an urgent 'Help Save IMPACT: An Urgent Appeal to our Community' fundraising banner."
6665,Lee Health Children's Rehabilitation Center - Women & Children's Medical Plaza,Fort Myers,NO_LIST,,,N,https://www.leehealth.org/billing/insurance-help/private-insurance,body copy,MEDIUM,"[trap b,c] Classic generic billing-education case. The Children's Rehabilitation page (/our-services/pediatric-rehabilitation, loaded) names no insurer at all. The system-wide billing page then says only: 'Our hospitals, outpatient centers and affiliated physicians accept most insurances, but depending on your coverage, we may be considered ""out of network.""' No carrier is named anywhere — the Insurance Help section just explains copays, coinsurance and write-offs across private/Medicare/Medicaid/auto sub-pages. Also trap b: any such claim is health-system-wide, not specific to the Women & Children's Medical Plaza site. Footer links /billing/financial-assistance and a price-transparency estimator, neither of which is a plan list."
7047,"My Autism Connection, Inc. (MAC)",Fort Myers,NO_LIST,,,N,http://myautismconnection.net/,none found,MEDIUM,"My Autism Connection (MAC) is a 501(c)(3) membership/support nonprofit (EIN 46-3881003), not a billing ABA clinic. Three pages loaded — homepage, /f-a-q-s/ and /membership/ — and none mentions insurance, Medicaid, payment, fees, scholarships or private pay; no insurer is named and there is no generic insurance sentence to quote. The membership page covers eligibility and the application process only."
6587,"NeuroRise Behavioral Center, LLC | ABA therapy",Fort Myers,NO_LIST,,,N,https://www.neurorisebehavioral.com/,none found,MEDIUM,"PARTIAL BLOCK — flagging rather than guessing. The homepage loaded fine and names no insurer; it links a dedicated page at /insurances. That page returned HTTP 429 on three separate attempts (two inside a 3-call batch, one issued alone), so its contents were never seen. The site is NOT unreachable (homepage served), and I will not invent the contents of a page titled 'Insurances', so the answer is NO_LIST on the evidence actually loaded. https://www.neurorisebehavioral.com/insurances is worth a manual re-check — it very likely holds a real list. Homepage self-describes as a 'private ABA therapy practice' but states no private-pay-only policy, so self_pay_only = N."
6809,Prather Behavioral Health and Counseling LLC,Fort Myers,NO_LIST,,,N,http://pratherbhc.com/,none found,MEDIUM,"Single-page SimplePractice-hosted site (only other URLs are /sign-in and /license). No insurer named anywhere and no generic 'we accept insurance' sentence to quote. It publishes a self-pay rate card — Individual Therapy $135, Family Counseling $180, Supervised Visitation $150-$200, Couples $180, Consultation $0-$200 — plus the No Surprises Act notice 'You have the right to receive a Good Faith Estimate of what your services may cost.' That GFE notice targets uninsured/self-pay patients and the practice is court-involved/counseling-focused, which strongly suggests private pay, but there is NO sentence stating they do not bill insurance, so self_pay_only is 'N' rather than an inferred 'Y'."
9129,Present Mind LLC,Fort Myers,aetna|cigna|florida-blue|unitedhealthcare|sunshine-health,Curative,,N,https://presentmindllc.com/,body copy,MEDIUM,"Insurance & billing section names plans per clinician; 'Vanessa does not accept Blue Cross Blue Shield.' Cash pay offered alongside insurance, so not self-pay-only."
6841,Principles of Learning INC,Fort Myers,NO_LIST,,,N,https://www.principlesoflearninginc.com/,none found,MEDIUM,"Homepage loaded; no insurer named. Only generic: 'Please note that any service related to Behavioral Health are subject to prior authorization from your insurance carrier.' and a requirement for 'A copy from the member's insurance ID card (front and back)'. Two follow-up attempts (/insurance, /faq) both returned ROBOTS_DISALLOWED (robots.txt fetch failure), so no further pages reachable within budget."
6641,"Ronald McDonald House Charities of Southwest Florida, Inc.",Fort Myers,NO_LIST,,,N,https://rmhcswfl.org/faq/,none found,MEDIUM,Not a billing therapy provider - Ronald McDonald House Charities lodging/dental charity. No insurer named on homepage or FAQ. FAQ says only: 'We request a modest donation of $10.00 per night to cover a small portion of the actual cost of your stay. No one is ever turned away because of inability to pay.' Likely miscategorised as an ABA provider.
7130,Smart Endeavors ABA - 12493 Brantley Commons Ct,Fort Myers,NO_LIST,,,N,https://www.smartendeavorsaba.com/faq,none found,MEDIUM,Homepage and /faq both loaded; no insurer named anywhere. FAQ only says generically: 'The process varies by insurance payor but a general time-frame is 4-6 weeks from your first assessment appointment.' /insurance returned ROBOTS_DISALLOWED. Row is a specific location (12493 Brantley Commons Ct) but no location-level insurance page exists.
9330,"Stepping Stone Kids Therapy, LLC - Fort Myers",Fort Myers,aetna|sunshine-health,Carelon|Simply Healthcare Plan,,N,https://sskidstherapy.com/insurance/,insurance page,MEDIUM,"[trap b] Company-wide insurance page, not Fort Myers-specific (multi-location practice with a /locations/ page). Page splits by service: ABA in-network = Children's Medical Services (Sunshine Health), Aetna, Carelon; Speech/OT in-network = Children's Medical Services (Sunshine Health), Aetna, Simply Healthcare Plan. Also hedges: 'We take on most major insurances and accept a wide range of covered plans.'"
7000,"SWFL Counseling, LLC",Fort Myers,NO_LIST,,,N,https://www.swflcounsel.com/,none found,MEDIUM,Homepage loaded but contains only mission statement and service list - no insurer named and no insurance sentence of any kind. /insurance and /fees both returned ROBOTS_DISALLOWED (robots.txt fetch failure); budget exhausted.
6886,"SWFL Speech Therapy, Inc.",Fort Myers,florida-medicaid|aetna|cigna|florida-blue|humana|unitedhealthcare|tricare|molina|sunshine-health,,Step Up For Students/Gardiner Scholarship,N,https://www.swflspeechtherapy.com/funding-sources/,funding page,MEDIUM,"[trap d] Funding Sources page splits In Network (Cigna; Medicaid - Molina, Simply, Humana, Sunshine, CMS) vs Out of Network (BCBS/FLBL, United Health Care, Aetna, Tricare, UMR). 'As a courtesy to our patients, we will handle billing both in and out of network.' Step Up For Students/Gardiner listed on the same page but is a scholarship, kept out of plans_verbatim."
6857,The Center For Psychology,Fort Myers,NO_LIST,,,N,https://thecenterforpsychology.com/,none found,MEDIUM,"Bot-blocked site. www.thecenterforpsychology.com returns 'All paths disallowed by robots.txt'; the non-www host served the homepage, which names no insurer and makes no insurance statement at all. The nav has a 'Fees' page but /fees returned repeated 429 rate-limit errors on two attempts, so any list there could not be confirmed. Reporting NO_LIST rather than inferring."
8783,The Traveling Therapist,Fort Myers,florida-medicaid|medicare|tricare,,,N,https://www.thetravelingtherapist.net/faq,FAQ,MEDIUM,"FAQ names payer programs rather than commercial carriers: Medicaid ('NOT THE GOLD CARD'), Medicare, Medicare Advantage Plans, Tricare; no named commercial insurer anywhere. Homepage says 'Services may be covered by your Health Insurance Private Pay is also accepted', so private pay is offered alongside insurance (self_pay_only = N)."
6594,Therapy Treatment Team,Fort Myers,florida-medicaid|medicare|aetna|cigna|florida-blue|unitedhealthcare|tricare|sunshine-health,KBA|Surest|All-Savers|CMS|Curative|GEHA|Lee Health|Oscar Health,,N,https://www.therapytreatmentteam.com/insurance-plans/,"insurance page, logo strip",MEDIUM,"Dedicated insurance page: body text lists BCBS, Aetna, Cigna, UHC, UMR, Tricare, Sunshine, Ambetter, KBA, Medicare, Medicaid ('We are in-network with most major insurance plans, including: ... and more.'); the remaining names (Surest, All-Savers, CMS, Curative, GEHA, Lee Health, Optum, Oscar Health) come from the logo strip images/alt text on the same page. Private pay offered alongside: 'No insurance? No problem. We offer some of the most competitive private pay rates in Florida...'"
6746,Wonderland Speech Therapy,Fort Myers,SITE_UNREACHABLE,,,N,,none found,LOW,"Dead site. wonderlandspeech.com, www.wonderlandspeech.com and /index.html all returned HTTP 404 - domain resolves but serves no site. A web search found no replacement official site for Wonderland Speech & Behavior Corp (Fort Myers); only third-party NPI/directory listings, which are not usable as a source."
6493,Worth Advocacy,Fort Myers,NO_LIST,,,N,https://worthadvocacy.com/,none found,MEDIUM,"Three pages loaded (/contact-us/, /what-we-do-2/, homepage). No insurer named anywhere and no statement about insurance, fees or payment of any kind - the site is entirely about special-education advocacy services. Not a therapy provider that bills insurance; self_pay_only left 'N' because the site makes no payment claim either way."
8442,Behavioral Intervention Therapy Services (BITS),Fort Pierce,florida-medicaid|aetna|cigna|florida-blue|humana|tricare,,,N,https://www.bitsba.org/about-us,body copy,MEDIUM,"Homepage names no insurer; the About Us page states: 'As a trusted provider, we are in-network with Aetna, Florida Blue, Cigna, and Tricare Humana Military, with Medicaid approval pending.' Medicaid is listed as PENDING approval, not active in-network."
10671,Bumblebee Academy,Fort Pierce,NO_LIST,,FES-UA|Step Up for Students,N,https://www.bumblebeeacademyfl.com/general-5,body copy,MEDIUM,"[trap d] Loaded homepage, /general-5 (the ""Investment""/tuition page) and /faqs. No insurer named anywhere on any of the three. The only funding statement is scholarship-based: ""We offer direct billing to the FES-UA scholarship through Step Up for Students."" Scholarships kept out of plans_verbatim per rule d. FAQ page only says ""See our Investment page for tuition rates."" Reads as a tuition-based academy rather than an insurance-billing ABA clinic, but no private-pay-only statement is made, so self_pay_only is N."
7168,ABA Results - Autism Early Intervention,Gainesville,NO_LIST,,,N,https://abaresults.com/gainesville-4,none found,MEDIUM,"Loaded /gainesville (Gainesville location page), /gainesville-4 (the location-specific ""New Clients - Gainesville"" intake page) and the homepage. Zero insurer names on any of them, including footer. Preferred the Gainesville-specific intake page over the general site per trap b. The intake page asks for documents (""We will need a copy of the autism diagnosis, ABA referral, ADOS testing and a front"" / back of insurance card) but names no plan. There is not even a generic ""we accept most major insurances"" sentence — insurance is simply never discussed on the site."
6833,ACG Therapy and Autism Center,Gainesville,NO_LIST,,,N,https://acgtherapycenter.com/,none found,MEDIUM,"Homepage loaded cleanly and names no insurer, no scholarship and no generic insurance sentence. Two further attempts, at /insurance-assistance and /insurance-assistance/, both failed with ROBOTS_DISALLOWED (""Failed to fetch or parse robots.txt""); the retry returned the identical error, exhausting the 3-attempt budget. Search-result titles indicate an /insurance-assistance/ section does exist on their own domain, so this is very likely under-reported — flag for a manual recheck. No plan reported because none was on a page I actually loaded."
6748,Agency For People With Disabilities,Gainesville,NO_LIST,,,N,https://apd.myflorida.com/region/northeast/,none found,MEDIUM,"This is the Florida Agency for Persons with Disabilities, a state agency, not an insurance-billing ABA provider — record placement is questionable. Loaded the Northeast Region page (a contact directory for regional offices) and the apd.myflorida.com homepage. No insurer, managed-care plan or scholarship named on either. Region page funding copy is administrative only: ""There are several workflow processes at the Agency for Persons with Disabilities (APD) such as submitting cost plans, support plans, significant additional needs, etc."" The word Medicaid appears on the homepage only in an ABLE-account context (""Generally, funds in an ABLE account do not count as a resource or asset for Medicaid or Supplemental Security Income""), which is not an accepted-plan claim."
6722,All Kids Therapy Center,Gainesville,NO_LIST,,,N,https://allkidstherapycenter.com/,none found,MEDIUM,"JS-only site. All three attempts (/contact-us, /, /services) returned only meta tags (meta-generator: Hostinger Horizons, viewport) with no server-rendered body content, so nothing on the site could be read — no insurer names, no generic insurance sentence, no links. Not a dead domain and not a bot block: the pages resolve, the content is client-rendered. Would need a JS-rendering fetch to confirm; treat NO_LIST here as ""not readable"" rather than ""confirmed absent""."
9169,BASS ABA Therapy - Gainesville East - 1000 Ne 16th Ave,Gainesville,florida-medicaid|aetna|cigna|florida-blue|unitedhealthcare|tricare|sunshine-health,Simply Health|Advent Health,,N,https://www.bassautism.com/,logo strip,MEDIUM,"ANTHEM SIGHTING - Anthem does not operate in Florida, so this reads as a national brand strip rather than a verified Florida panel; confidence lowered. [trap b] BASS publishes insurance COMPANY-WIDE, not per location. The named insurer strip lives on the bassautism.com homepage under ""BASS accepts most major insurance carriers that have an ABA benefit."" — one corporate claim covering all BASS centers. I could not load a Gainesville East location page: /locations/florida/alachua/gainesville-east/ and /locations/gainesville-east both failed with ROBOTS_DISALLOWED (robots.txt ConnectTimeout / parse failure), using up the 3-attempt budget. Confirmation of the company-wide pattern comes from the sibling Gainesville West page (id 9171), which loaded and names NO insurer at all, saying only ""Accepts multiple forms of insurance, including Commercial and Medicaid insurance"" — so location pages carry generic copy while only the homepage names plans. List is therefore corporate-level, NOT verified for this specific Gainesville East address. Names transcribed as rendered; several (Sunshine Health, Simply Health, Advent Health) are Florida plans, so this is a Florida-relevant strip, not a national Anthem-style brand wall. I could not distinguish image alt text from adjacent label text in the converted markup, so ""logo strip"" is my best characterisation of that homepage block."
9171,BASS ABA Therapy - Gainesville West - 2035 Sw 75th St B,Gainesville,florida-medicaid|aetna|cigna|florida-blue|unitedhealthcare|tricare|sunshine-health,Simply Health|Advent Health,,N,https://bassautism.com/locations/gainesville-west/,logo strip (bassautism.com homepage) + body copy (Gainesville West location page),MEDIUM,"[trap b] BASS publishes insurance COMPANY-WIDE, not per location — this row is the direct evidence. Two pages contributed and they are NOT merged silently: (1) the Gainesville West location page, https://bassautism.com/locations/gainesville-west/, which I loaded and which names NO insurer, stating only ""Accepts multiple forms of insurance, including Commercial and Medicaid insurance""; (2) the bassautism.com homepage, whose named insurer strip sits under ""BASS accepts most major insurance carriers that have an ABA benefit."" The plans_verbatim above are from the homepage (corporate) only. On the location page alone the honest answer would be NO_LIST. Earlier attempt at /locations/gainesville-west (no trailing slash) failed with ROBOTS_DISALLOWED; the retry with trailing slash succeeded. Same corporate list as id 9169. ""Logo strip"" is my best characterisation of the homepage block; I could not distinguish image alt text from adjacent label text in the converted markup."
