city,latitude,longitude,provider_count,thin_le5,lat_decimals,provenance,exact_match_provider,shared_point
ALACHUA,29.813499999999994,-82.472,3,YES,15,provider_average_multi,,
ALTAMONTE SPRINGS,28.6640375,-81.3941875,6,,7,short_decimal_unknown,,
APOLLO BEACH,27.771600000000003,-82.41020000000002,4,YES,15,provider_average_multi,,
APOPKA,28.673699999999997,-81.5012,4,YES,15,provider_average_multi,,
ARCADIA,27.1861,-81.8667,1,YES,4,short_decimal_unknown,,
ARCHER,29.5597,-82.5108,1,YES,4,short_decimal_unknown,,
ATLANTIC BEACH,30.3483,-81.4159,1,YES,4,short_decimal_unknown,,
AUBURNDALE,28.0724,-81.8122,0,YES,4,unverifiable_no_providers,,
AVENTURA,25.95401642857143,-80.13953628571427,8,,14,provider_average_multi,,
AVON PARK,27.6001,-81.5015,2,YES,4,short_decimal_unknown,,
BAKER,30.797132,-86.681344,1,YES,6,short_decimal_unknown,,
BARTOW,27.8957,-81.8127,1,YES,4,short_decimal_unknown,,
BAY HARBOR ISLANDS,25.7907,-80.13,1,YES,4,short_decimal_unknown,,
BELLE GLADE,26.6843,-80.6724,1,YES,4,short_decimal_unknown,,
BELLE ISLE,28.504425,-81.330277,1,YES,6,LEAK_centroid_is_a_real_office,7349|The Kelly Behavioral Institute,
BEVERLY HILLS,28.9295,-82.4892,0,YES,4,unverifiable_no_providers,,
BOCA RATON,26.36597403333334,-80.15512719999998,31,,14,provider_average_multi,,
BOKEELIA,26.6627,-82.1401,0,YES,4,unverifiable_no_providers,,
BONIFAY,30.8464,-85.69,1,YES,4,short_decimal_unknown,,
BONITA SPRINGS,26.3771,-81.7334,2,YES,4,short_decimal_unknown,,
BOYNTON BEACH,26.528035714285718,-80.12035714285716,11,,15,provider_average_multi,,
BRADENTON,27.4638375,-82.5403,8,,7,short_decimal_unknown,,
BRANDON,27.916850000000007,-82.29003181818179,15,,15,provider_average_multi,,
BRONSON,29.461,-82.6356,1,YES,3,short_decimal_unknown,,
BROOKSVILLE,28.538093679999996,-82.45255956000003,13,,15,provider_average_multi,,
BUSHNELL,28.6611,-82.1553,1,YES,4,short_decimal_unknown,,
CALLAHAN,30.552000000000003,-81.8145,1,YES,15,provider_average_multi,,
CAPE CANAVERAL,28.3903,-80.6043,1,YES,4,short_decimal_unknown,,
CAPE CORAL,26.618650242718427,-81.97155445631074,64,,15,provider_average_multi,,
CASSELBERRY,28.6724,-81.2968,2,YES,4,short_decimal_unknown,,
CELEBRATION,28.310268,-81.550965,2,YES,6,short_decimal_unknown,,
CHAMPIONSGATE,28.2531,-81.6509,1,YES,4,short_decimal_unknown,,
CHIEFLAND,29.4832,-82.8809,1,YES,4,short_decimal_unknown,,
CHIPLEY,30.7107,-85.5486,0,YES,4,unverifiable_no_providers,,
CHULUOTA,28.638354,-81.117506,1,YES,6,short_decimal_unknown,,
CITRA,29.3918,-82.1062,2,YES,4,short_decimal_unknown,,
CLEARWATER,27.969600605769223,-82.7474119134615,73,,15,provider_average_multi,,
CLERMONT,28.5525,-81.7574,8,,4,short_decimal_unknown,,
CLEWISTON,26.75287,-80.939918,1,YES,5,short_decimal_unknown,,
COCOA,28.426800000000004,-80.7807,3,YES,15,provider_average_multi,,
COCOA BEACH,28.332747,-80.625331,1,YES,6,short_decimal_unknown,,
COCONUT CREEK,26.288790304347824,-80.18510017391306,14,,15,provider_average_multi,,
COCONUT GROVE,25.72923,-80.239604,1,YES,5,LEAK_centroid_is_a_real_office,9094|Williamsburg Therapy Group Miami,
COOPER CITY,26.06196,-80.32718374999999,5,YES,5,short_decimal_unknown,,
CORAL GABLES,25.750219076923088,-80.26378696153847,24,,15,provider_copied_this_centroid,10722|Cultivate Behavioral Health & Education - Coral Gables,
CORAL SPRINGS,26.274593779661025,-80.2546517118644,47,,15,provider_average_multi,,
CRAWFORDVILLE,30.2108,-84.3205,0,YES,4,unverifiable_no_providers,,
CRESTVIEW,30.749395,-86.581126,1,YES,6,short_decimal_unknown,,
CRYSTAL RIVER,28.8547,-82.6669,2,YES,4,short_decimal_unknown,,
CUTLER BAY,25.58406666666667,-80.33913333333334,4,YES,14,provider_copied_this_centroid,10723|Cultivate Behavioral Health & Education - Cutler Bay,
DADE CITY,28.3318,-82.2446,2,YES,4,short_decimal_unknown,,
DANIA BEACH,26.05156583333333,-80.1461685,5,YES,14,provider_average_multi,,
DAVENPORT,28.1963,-81.6079,0,YES,4,unverifiable_no_providers,,
DAVIE,26.065421059999995,-80.25845830000003,42,,15,provider_average_multi,,
DAYTONA BEACH,29.205550057142855,-81.0390886,25,,15,provider_average_multi,,
DAYTONA BEACH SHORES,29.157488,-80.974874,1,YES,6,LEAK_centroid_is_a_real_office,10363|New Beginnings Counseling,
DEERFIELD BEACH,26.3124,-80.14120000000001,2,YES,4,short_decimal_unknown,,
DEFUNIAK SPRINGS,30.712055,-86.121127,1,YES,6,short_decimal_unknown,,
DELAND,29.03085454545454,-81.32164545454548,8,,14,provider_average_multi,,
DELRAY BEACH,26.45384444444444,-80.13236666666666,4,YES,14,provider_average_multi,,
DELTONA,28.90063333333333,-81.23811666666667,4,YES,14,provider_average_multi,,
DORAL,25.784480000000002,-80.33550000000002,9,,15,provider_average_multi,,
DUNEDIN,28.02599009090909,-82.78013281818181,8,,14,provider_average_multi,,
ELLENTON,27.5382,-82.5006,1,YES,4,short_decimal_unknown,,
ESTERO,26.4351,-81.8102,3,YES,4,short_decimal_unknown,,
EUSTIS,28.855,-81.6789,1,YES,3,short_decimal_unknown,,
FERNANDINA BEACH,30.656851,-81.451424,1,YES,6,short_decimal_unknown,,
FLAGLER BEACH,29.475,-81.1303,1,YES,3,short_decimal_unknown,,
FLEMING ISLAND,30.0933,-81.719,3,YES,4,short_decimal_unknown,,
FORT LAUDERDALE,26.120706882352966,-80.15368349411771,73,,15,provider_average_multi,,
FORT MYERS,26.571817361904763,-81.86466098095242,83,,15,provider_average_multi,,
FORT MYERS BEACH,26.4527,-81.9501,1,YES,4,short_decimal_unknown,,
FORT PIERCE,27.4356,-80.35315500000003,14,,4,short_decimal_unknown,,
FORT WALTON BEACH,30.4487,-86.6255,2,YES,4,short_decimal_unknown,,
FREEPORT,30.499973,-86.129764,1,YES,6,short_decimal_unknown,,
FRUIT COVE,30.0815,-81.5477,1,YES,4,short_decimal_unknown,,
FRUITLAND PARK,28.8639,-81.8998,1,YES,4,short_decimal_unknown,,
GAINESVILLE,29.66930186567162,-82.3719070970149,84,,14,provider_average_multi,,
GIBSONTON,27.8411,-82.3698,3,YES,4,short_decimal_unknown,,
GOTHA,28.5384,-81.5208,1,YES,4,short_decimal_unknown,,
GRANT-VALKARIA,27.9289,-80.5264,0,YES,4,unverifiable_no_providers,,
GREEN COVE SPRINGS,29.9983,-81.7647,2,YES,4,short_decimal_unknown,,
GREENACRES,26.636327999999995,-80.15029324999999,6,,15,provider_average_multi,,
GROVELAND,28.5644,-81.8745,1,YES,4,short_decimal_unknown,,
GULF BREEZE,30.3571,-87.1639,1,YES,4,short_decimal_unknown,,
GULFPORT,27.754899999999996,-82.7208,1,YES,15,provider_average_multi,,
HAINES CITY,28.114500000000003,-81.6201,3,YES,15,provider_average_multi,,
HALLANDALE BEACH,25.98646783333334,-80.14056138888888,14,,14,provider_average_multi,,
HAVANA,30.6092,-84.4143,0,YES,4,unverifiable_no_providers,,
HERNANDO,28.9223,-82.39,1,YES,4,short_decimal_unknown,,
HIALEAH,25.890799018867916,-80.32387301886791,44,,15,provider_average_multi,,
HIALEAH GARDENS,25.869559999999996,-80.32991399999999,3,YES,15,provider_average_multi,,
HOBE SOUND,27.0813,-80.1509,1,YES,4,short_decimal_unknown,,
HOLIDAY,28.1913,-82.7279,0,YES,4,unverifiable_no_providers,,
HOLLY HILL,29.236575636363646,-81.06455836363638,8,,15,provider_average_multi,,
HOLLYWOOD,26.02328756603772,-80.22143201886786,79,,14,provider_average_multi,,
HOMELAND,27.8178,-81.8245,1,YES,4,short_decimal_unknown,,
HOMESTEAD,25.495166666666666,-80.49176666666666,5,YES,15,provider_average_multi,,
HOMOSASSA,28.7508,-82.5139,0,YES,4,unverifiable_no_providers,,
HUDSON,28.365945599999996,-82.6542452,8,,15,provider_average_multi,,
INDIALANTIC,28.1091,-80.5787,2,YES,4,short_decimal_unknown,,
INDIAN HARBOUR BEACH,28.178,-80.602,1,YES,3,short_decimal_unknown,,YES
INDIANTOWN,27.0615,-80.4803,1,YES,4,short_decimal_unknown,,
INLET BEACH,30.276868,-86.007994,1,YES,6,short_decimal_unknown,,
INVERNESS,28.8723,-82.3454,0,YES,4,unverifiable_no_providers,,
JACKSONVILLE,30.283664334532418,-81.62245479136685,193,,15,provider_average_multi,,
JACKSONVILLE BEACH,30.2801,-81.41650000000001,11,,4,short_decimal_unknown,,
JENSEN BEACH,27.238272125,-80.2339735,5,YES,9,provider_average_multi,,
JONESVILLE,29.6609,-82.5852,0,YES,4,unverifiable_no_providers,,YES
JUPITER,26.929476470588234,-80.13721764705883,10,,15,provider_average_multi,,
KENDALE LAKES,25.708046,-80.407836,1,YES,6,provider_copied_this_centroid,10724|Cultivate Behavioral Health & Education - Kendale Lakes,
KENDALL,25.669669,-80.355584,1,YES,6,provider_copied_this_centroid,10725|Cultivate Behavioral Health & Education - Kendall,
KENNETH CITY,27.8201,-82.7308,1,YES,4,short_decimal_unknown,,
KEY BISCAYNE,25.69829,-80.163783,0,YES,5,unverifiable_no_providers,,
KEY WEST,24.5552,-81.7816,1,YES,4,short_decimal_unknown,,
KEYSTONE HEIGHTS,29.7976,-81.9899,1,YES,4,short_decimal_unknown,,
KISSIMMEE,28.306837500000004,-81.4121625,9,,15,provider_average_multi,,
LABELLE,26.7321,-81.434,1,YES,4,short_decimal_unknown,,
LAKE ALFRED,28.0895,-81.7271,1,YES,4,short_decimal_unknown,,
LAKE CITY,30.21515,-82.6325,2,YES,5,short_decimal_unknown,,
LAKE HELEN,28.9806,-81.2334,1,YES,4,short_decimal_unknown,,
LAKE MARY,28.7577,-81.3508,8,,4,short_decimal_unknown,,
LAKE PARK,26.798150500000002,-80.06014725,3,YES,15,provider_average_multi,,
LAKE WALES,27.8774,-81.6221,1,YES,4,short_decimal_unknown,,
LAKE WORTH,26.60811600000001,-80.12999200000003,14,,14,provider_average_multi,,
LAKE WORTH BEACH,26.627475,-80.0727127142857,7,,6,short_decimal_unknown,,
LAKELAND,28.020197847133772,-81.95321406369435,102,,15,provider_average_multi,,
LAND O LAKES,28.241200000000003,-82.48375000000001,9,,15,provider_average_multi,,
LANTANA,26.5747,-80.0794,1,YES,4,short_decimal_unknown,,
LARGO,27.896039487179486,-82.77313174358977,28,,15,provider_average_multi,,
LAUDERDALE LAKES,26.184677999999998,-80.2216865,2,YES,15,provider_average_multi,,
LAUDERHILL,26.172317260869562,-80.2318506956522,19,,15,provider_average_multi,,
LECANTO,28.8516,-82.4876,1,YES,4,short_decimal_unknown,,
LEESBURG,28.828174999999998,-81.86002500000001,5,YES,15,provider_average_multi,,
LEHIGH ACRES,26.6268625,-81.6609375,3,YES,7,short_decimal_unknown,,
LITHIA,27.829299999999996,-82.1357,1,YES,15,provider_average_multi,,
LIVE OAK,30.2956,-82.9844,2,YES,4,short_decimal_unknown,,
LONGWOOD,28.71287272727272,-81.36563636363634,9,,14,provider_average_multi,,
LOXAHATCHEE,26.7383,-80.27599999999998,5,YES,4,short_decimal_unknown,,
LUTZ,28.142530000000004,-82.48033000000001,11,,15,provider_average_multi,,
LYNN HAVEN,30.2362,-85.6467,1,YES,4,short_decimal_unknown,,
MACCLENNY,30.2737,-82.1325,1,YES,4,short_decimal_unknown,,
MADISON,30.4802,-83.4067,1,YES,4,short_decimal_unknown,,
MAITLAND,28.62590178571428,-81.36633228571428,14,,14,provider_average_multi,,
MALABAR,27.983009,-80.58231649999999,1,YES,6,short_decimal_unknown,,
MARGATE,26.266481499999998,-80.19739533333333,4,YES,15,provider_average_multi,,
MARIANNA,30.737250000000003,-85.22075,1,YES,15,provider_average_multi,,
MASARYKTOWN,28.4409,-82.4612,0,YES,4,unverifiable_no_providers,,
MEDLEY,25.8141,-80.3549,2,YES,4,short_decimal_unknown,,
MELBOURNE,28.11073140350878,-80.64689875438592,39,,14,provider_average_multi,,
MELBOURNE BEACH,28.0219,-80.5389,2,YES,4,short_decimal_unknown,,
MERRITT ISLAND,28.313193,-80.670256,1,YES,6,short_decimal_unknown,,
MIAMI,25.76700883070866,-80.27801982283478,192,,14,provider_average_multi,,
MIAMI BEACH,25.801681375,-80.14497575,12,,9,provider_average_multi,,
MIAMI GARDENS,25.942529678571436,-80.23184367857142,14,,15,provider_average_multi,,
MIAMI LAKES,25.903670585365855,-80.31062892682932,38,,15,provider_average_multi,,
MIAMI SHORES,25.8658325,-80.1932775,2,YES,7,short_decimal_unknown,,
MIAMI SPRINGS,25.816825499999997,-80.28095383333333,6,,15,provider_average_multi,,
MICANOPY,29.5122,-82.3053,1,YES,4,short_decimal_unknown,,
MICCOSUKEE,30.5422,-84.1413,0,YES,4,unverifiable_no_providers,,
MIDDLEBURG,30.084,-81.8645,2,YES,3,short_decimal_unknown,,
MILTON,30.607333333333333,-87.104,4,YES,15,provider_average_multi,,
MINNEOLA,28.6259,-81.7306,1,YES,4,short_decimal_unknown,,
MIRAMAR,25.98996947619049,-80.26410907142856,36,,14,provider_average_multi,,
MIRAMAR BEACH,30.385,-86.3473,1,YES,3,short_decimal_unknown,,
MOUNT DORA,28.774,-81.6439,2,YES,3,short_decimal_unknown,,
NAPLES,26.16926666666667,-81.71965,9,,14,provider_average_multi,,
NEW PORT RICHEY,28.26016842105263,-82.68297894736841,10,,14,provider_average_multi,,
NEW SMYRNA BEACH,29.0247,-80.9584,3,YES,4,short_decimal_unknown,,
NEWBERRY,29.6609,-82.5852,3,YES,4,short_decimal_unknown,,YES
NOKOMIS,27.1384,-82.4518,2,YES,4,short_decimal_unknown,,
NORTH BAY VILLAGE,25.8486,-80.1446,1,YES,4,short_decimal_unknown,,
NORTH FORT MYERS,26.710301400000002,-81.88042026666666,5,YES,15,provider_average_multi,,
NORTH LAUDERDALE,26.214904,-80.223061,1,YES,6,LEAK_centroid_is_a_real_office,7394|Superior Healthcare for the Aged & Disabled,
NORTH MIAMI,25.89391,-80.16062000000001,7,,5,short_decimal_unknown,,
NORTH MIAMI BEACH,25.938269176470577,-80.17657476470586,25,,15,provider_average_multi,,
NORTH PALM BEACH,26.8289,-80.0603,7,,4,short_decimal_unknown,,
NORTH PORT,27.066466666666667,-82.16,3,YES,15,provider_average_multi,,
OAKLAND,28.553664,-81.636091,1,YES,6,short_decimal_unknown,,
OAKLAND PARK,26.18270364285715,-80.13742364285714,8,,14,provider_average_multi,,
OCALA,29.155590909090908,-82.18725454545455,7,,15,provider_average_multi,,
OCOEE,28.5837,-81.5326,6,,4,short_decimal_unknown,,
ODESSA,28.1421,-82.5905,3,YES,4,short_decimal_unknown,,
OKEECHOBEE,27.4203,-80.9454,1,YES,4,short_decimal_unknown,,
OLDSMAR,28.046,-82.6848,2,YES,3,short_decimal_unknown,,
OPA LOCKA,25.9097,-80.247,1,YES,4,short_decimal_unknown,,
OPA-LOCKA,25.924765,-80.240709,0,YES,6,LEAK_centroid_is_a_real_office,8774|Easterseals South Florida - Miami Gardens (Ophelia Brown),
ORANGE CITY,28.9453,-81.29949999999998,4,YES,4,short_decimal_unknown,,
ORANGE PARK,30.159063636363626,-81.7373,6,,15,provider_average_multi,,
ORLANDO,28.530197238578694,-81.368421106599,160,,15,provider_average_multi,,
ORMOND BEACH,29.28402006250002,-81.08248278124998,23,,14,provider_average_multi,,
OVIEDO,28.651299999999996,-81.2066,7,,15,provider_average_multi,,
PACE,30.6698,-87.1794,2,YES,4,short_decimal_unknown,,
PALATKA,29.657699999999995,-81.6595,1,YES,15,provider_average_multi,,
PALM BAY,28.017422206896576,-80.62711517241375,31,,15,provider_average_multi,,
PALM BEACH,26.7206,-80.0388,4,YES,4,provider_copied_this_centroid,10726|Cultivate Behavioral Health & Education - Palm Beach,
PALM BEACH GARDENS,26.820703772727267,-80.1321813181818,18,,15,provider_average_multi,,
PALM CITY,27.166855312499997,-80.2906568125,6,,15,provider_average_multi,,
PALM COAST,29.5213,-81.21175,3,YES,4,short_decimal_unknown,,
PALM HARBOR,28.081358333333323,-82.73016666666668,17,,15,provider_average_multi,,
PALM SPRINGS,26.633550499999988,-80.08697874999997,18,,15,provider_average_multi,,
PALMETTO,27.5429,-82.563,2,YES,4,short_decimal_unknown,,
PALMETTO BAY,25.6062,-80.3426,1,YES,4,short_decimal_unknown,,
PANAMA CITY,30.186325,-85.666875,3,YES,6,short_decimal_unknown,,
PANAMA CITY BEACH,30.236784,-85.877342,1,YES,6,short_decimal_unknown,,
PARKLAND,26.31950985714286,-80.250045,6,,14,provider_average_multi,,
PEMBROKE PARK,25.986741000000002,-80.201207,2,YES,15,provider_average_multi,,
PEMBROKE PINES,26.008317106382982,-80.33105770212764,38,,15,provider_average_multi,,
PENSACOLA,30.446144444444446,-87.2264111111111,7,,15,provider_average_multi,,
PINECREST,25.6682,-80.2973,1,YES,4,short_decimal_unknown,,
PINELLAS PARK,27.85830000000001,-82.71076666666666,6,,14,provider_average_multi,,
PLANT CITY,28.021055555555556,-82.13596666666668,7,,15,provider_average_multi,,
PLANTATION,26.136008749999995,-80.2602666,15,,15,provider_average_multi,,
POLK CITY,28.1987,-81.8083,0,YES,4,unverifiable_no_providers,,
POMPANO BEACH,26.23547857142857,-80.1189142857143,6,,14,provider_average_multi,,
PONTE VEDRA,30.1204,-81.4128,2,YES,4,short_decimal_unknown,,
PONTE VEDRA BEACH,30.121033333333333,-81.3961,1,YES,15,provider_average_multi,,
PORT CHARLOTTE,26.974766666666667,-82.11783333333334,5,YES,15,provider_average_multi,,
PORT ORANGE,29.135734034482745,-81.00101796551725,18,,15,provider_average_multi,,
PORT RICHEY,28.3011,-82.6927,3,YES,4,short_decimal_unknown,,
PORT ST JOE,29.811899999999998,-85.303,1,YES,15,provider_average_multi,,
PORT ST. LUCIE,27.284544324675338,-80.36577267532466,69,,15,provider_average_multi,,
PUNTA GORDA,26.9157,-81.9855,1,YES,4,short_decimal_unknown,,
QUINCY,30.599600000000002,-84.60484,2,YES,15,provider_average_multi,,
RIVERVIEW,27.84143529411764,-82.31699411764706,12,,14,provider_average_multi,,
RIVIERA BEACH,26.783728333333332,-80.05451333333333,2,YES,15,provider_average_multi,,
ROCKLEDGE,28.3134,-80.7319,5,YES,4,short_decimal_unknown,,
ROYAL PALM BEACH,26.66396153846154,-80.17927692307691,8,,14,provider_average_multi,,
RUSKIN,27.70315,-82.42528750000001,6,,5,short_decimal_unknown,,
SAFETY HARBOR,28.0096,-82.6967,3,YES,4,short_decimal_unknown,,
SANFORD,28.78285,-81.2835,6,,5,short_decimal_unknown,,
SANIBEL,26.4514,-82.0868,0,YES,4,unverifiable_no_providers,,
SANTA ROSA BEACH,30.3659,-86.2458,1,YES,4,short_decimal_unknown,,
SARASOTA,27.378116666666667,-82.52033333333334,9,,15,provider_average_multi,,
SATELLITE BEACH,28.178,-80.602,2,YES,3,short_decimal_unknown,,YES
SEBASTIAN,27.790100000000002,-80.4784,4,YES,15,provider_average_multi,,
SEBRING,27.4924,-81.4357,1,YES,4,short_decimal_unknown,,
SEFFNER,27.9922,-82.2863,0,YES,4,unverifiable_no_providers,,
SEMINOLE,27.857470000000006,-82.79999000000001,6,,15,provider_average_multi,,
SORRENTO,28.808712,-81.563219,2,YES,6,short_decimal_unknown,,
SOUTH DAYTONA,29.162878833333334,-81.0223265,2,YES,15,provider_average_multi,,
SOUTH MIAMI,25.703022083333334,-80.29321475000002,10,,15,provider_average_multi,,
SOUTHWEST RANCHES,26.064960000000003,-80.35004,10,,15,provider_average_multi,,
SPRING HILL,28.4691234189189,-82.5501272567568,46,,13,provider_average_multi,,
ST. AUGUSTINE,29.97925,-81.4686,13,,5,short_decimal_unknown,,
ST. CLOUD,28.23356,-81.280494,5,YES,5,short_decimal_unknown,,
ST. JOHNS,29.952083,-81.517944,2,YES,6,short_decimal_unknown,,
ST. PETERSBURG,27.762822,-82.643977,36,,6,short_decimal_unknown,,
STARKE,29.9583,-82.1185,1,YES,4,short_decimal_unknown,,
STUART,27.180700138888906,-80.23927261111108,17,,15,provider_average_multi,,
SUN CITY CENTER,27.7147,-82.3538,1,YES,4,short_decimal_unknown,,
SUNRISE,26.172107000000004,-80.28171164705881,13,,15,provider_average_multi,,
TALLAHASSEE,30.46875706532664,-84.25020276884409,130,,14,provider_average_multi,,
TAMARAC,26.208702562499997,-80.25731887500001,15,,15,provider_average_multi,,
TAMPA,27.99749763018869,-82.48303969811329,201,,14,provider_average_multi,,
TARPON SPRINGS,28.1385,-82.743,4,YES,4,short_decimal_unknown,,
TAVARES,28.801,-81.734,1,YES,3,short_decimal_unknown,,
TEMPLE TERRACE,28.037633333333332,-82.39006666666667,6,,15,provider_average_multi,,
THE VILLAGES,28.903364,-81.988739,1,YES,6,short_decimal_unknown,,
TIOGA,29.6609,-82.5852,1,YES,4,short_decimal_unknown,,YES
TITUSVILLE,28.598399999999998,-80.831,1,YES,15,provider_average_multi,,
TREASURE ISLAND,27.7456,-82.7516,0,YES,4,unverifiable_no_providers,,
TRINITY,28.2129,-82.6807,3,YES,4,short_decimal_unknown,,
UMATILLA,28.9254,-81.6801,1,YES,4,short_decimal_unknown,,
VALRICO,27.920099999999994,-82.24242857142858,5,YES,15,provider_average_multi,,
VENICE,27.0911,-82.39659999999999,3,YES,4,short_decimal_unknown,,
VERO BEACH,27.633,-80.4031,6,,3,provider_copied_this_centroid,10727|Cultivate Behavioral Health & Education - Vero Beach,
WAUCHULA,27.546903,-81.810087,1,YES,6,short_decimal_unknown,,
WEBSTER,28.613491,-82.050613,1,YES,6,short_decimal_unknown,,
WELLINGTON,26.653310000000005,-80.23875,4,YES,15,provider_average_multi,,
WESLEY CHAPEL,28.25095,-82.3138,6,,5,short_decimal_unknown,,
WEST MELBOURNE,28.066577714285707,-80.67627878571427,11,,15,provider_average_multi,,
WEST PALM BEACH,26.715734137931044,-80.09282525862065,88,,15,provider_average_multi,,
WESTON,26.07317254166667,-80.3764025,15,,14,provider_average_multi,,
WILLISTON,29.374082,-82.457705,2,YES,6,short_decimal_unknown,,
WILTON MANORS,26.158057,-80.132563,1,YES,6,short_decimal_unknown,,
WIMAUMA,27.7015,-82.3151,2,YES,4,short_decimal_unknown,,
WINDERMERE,28.5006,-81.5354,0,YES,4,unverifiable_no_providers,,
WINTER GARDEN,28.542300000000008,-81.5911,5,YES,15,provider_average_multi,,
WINTER HAVEN,28.00534,-81.73472000000001,9,,5,short_decimal_unknown,,
WINTER PARK,28.59837959375,-81.33095996875001,30,,11,provider_average_multi,,
WINTER SPRINGS,28.6831,-81.2814,3,YES,4,short_decimal_unknown,,
YULEE,30.622199999999996,-81.5906,6,,15,provider_average_multi,,
ZEPHYRHILLS,28.227420000000002,-82.178,2,YES,15,provider_average_multi,,
