id,name,city,operating,website_found,primary_service,autism_focus,does_autism_diagnostic_eval,recommend,evidence_url,evidence_quality,notes
6922,Elite DNA Behavioral Health Therapy & Psychiatry Clinic - Brooksville,Brooksville,Y,https://elitedna.com/locations/brooksville/,"General outpatient psychiatry and psychotherapy — medication management, trauma therapy, family/couples/group therapy, children's mental health",N,N,REMOVE,https://elitedna.com/services/applied-behavior-analysis/,HIGH,"The Brooksville location page's own body lists only ""anxiety, depression, ADHD, PTSD, bipolar disorder"" and names no autism; ABA and Speech Therapy appear solely in the chain-wide nav, i.e. site chrome, not branch content. Elite DNA's own ABA/autism page names only the ""Fort Myers Occupational Therapy, Speech & ABA Clinic"" as delivering it, so the autism work belongs to a different named site and this branch gets no credit."
6989,Envisioning Hope Counseling,Brooksville,Y,http://envisioninghopecounseling.com/,"Solo LCSW (Erin Cash) individual therapy — grief and bereavement, depression, anxiety, perinatal/postpartum, parenting, life-limiting illness",N,N,REMOVE,http://envisioninghopecounseling.com/,HIGH,"Grief- and bereavement-centered solo counseling practice with no autism, ASD or developmental-evaluation string anywhere on the site, including ""children's bereavement counseling"" which is the only child-facing offering. No second page needed: the main service copy carries no autism claim to test against chrome."
7044,LifeSpring Counseling Center,Brooksville,Y,http://www.lifespringcounseling.center/,"Multi-clinician general outpatient counseling group — anxiety, depression, PTSD, grief, addiction, ADHD, couples and family work",N,N,REMOVE,https://lifespringcounseling.center/counselors/,HIGH,"Two pages compared: the homepage names ""anxiety, depression, PTSD, grief, and stress management... addiction, ADHD,"" and all 14 counselor bios were checked individually with no autism, ASD or developmental-evaluation mention in any of them. The nearest child-focused bio is Karey May's ""expertise in ADHD, parent coaching, and emotional wellness,"" which is not autism relevance."
7442,"Better Perspective Counseling Services, LLC - Cape Coral",Cape Coral,Y,http://www.betterperspectivecounseling.com/,"Solo pre-licensed counselor (Shannon Parrinello, RMHCI) — individual and couples psychotherapy, family therapy, therapy intensives, and ABA-informed parent behavior training",N,N,REMOVE,https://betterperspectivecounseling.com/parent-training-and-interventions/,HIGH,"The Parent Training page is the only autism-adjacent content and it deliberately avoids naming any diagnosis — its target population is ""Parents struggling with disruptive or defiant behaviors"" and ""Families adjusting to a new diagnosis or transition,"" with no autism, ASD or evaluation string. Uses ABA techniques for general child behavior management, which is not an autism focus and involves no diagnostic evaluation."
6671,Elite DNA Behavioral Health Therapy & Psychiatry Clinic - Cape Coral,Cape Coral,Y,https://elitedna.com/locations/cape-coral/,"General outpatient psychiatry and psychotherapy — diagnosis, medication management, talk therapy",N,N,REMOVE,https://elitedna.com/services/applied-behavior-analysis/,HIGH,"Cape Coral's location body names no autism at all, and its ""Conditions & Specialties in Cape Coral"" block is the identical global list rendered on the Brooksville page — confirmed chrome by comparing the two location pages. Elite DNA's ABA page credits only the Fort Myers ABA clinic, so this branch is treated the same as Brooksville: no autism credit."
6740,I-BOS Counseling Center,Cape Coral,Y,http://www.iboscounseling.com/,"Solo counselor (Katherine A. Lowry) general practice — children's play/sand-tray/art therapy, EMDR, transgender care, CAP evaluations, telehealth",N,N,REMOVE,https://www.iboscounseling.com/index.php/childrens-therapy/,HIGH,"The dedicated Children's Therapy page — the page most likely to carry an autism claim — lists ""school and behavior issues, ADHD, obsessive compulsive disorder, oppositional defiant disorder... anxiety, depression, suicidal behaviors and much more"" with no autism, ASD or developmental evaluation. Homepage and the 13-item nav carry no autism string either."
7034,"Positive Progress - Counseling & Coaching, PLLC",Cape Coral,Y,https://capecoralcounselor.com/,"Solo LCSW (Rick Merillat, Positive Progress Counseling Associates) adult and couples therapy — relationships, anxiety, depression, grief and loss, CBT, telehealth",N,N,REMOVE,https://capecoralcounselor.com/,HIGH,"Stored URL's utm_source/utm_medium parameters stripped — same page, resolves to ""Positive Progress Counseling Associates."" Adult/couples generalist whose entire nav (Relationships, Couples, Anxiety & depression, Grief & loss) and body copy contain no autism, neurodivergence or evaluation string, so a second page was unnecessary."
7440,"Southwest Florida Sports Counseling, LLC",Cape Coral,Y,https://swfltherapy.com/,"Solo LMHC (Kimberly Rogers, MH18091) counseling — sports performance therapy, adolescent counseling, anxiety, depression, grief and bereavement, CBT",N,N,REMOVE,https://swfltherapy.com/services/,HIGH,"The stored domain swfltherapy.com DOES match the record despite the name mismatch — the site brands itself ""SWFL Sports Counseling"" and states ""Southwest Florida Sports Counseling, LLC,"" so this is not a stored-website error. Two pages compared: the homepage and the full Services page list the same seven offerings (sports performance, adolescent, anxiety, depression, grief, CBT, individual) with zero autism or evaluation mention."
6829,"The Back Door Counseling, LLC",Cape Coral,Y,https://thebackdoorcounseling.com/,"General mental-health counseling for children and adults in Cape Coral/Fort Myers — depression, bipolar, anxiety, grief and loss, adjustment difficulties",N,N,REMOVE,https://thebackdoorcounseling.com/,HIGH,"The stored www URL failed on a self-signed-certificate robots.txt error; the bare host rendered fine, and its service copy reads ""depression, bipolar, anxiety, grief & loss, and adjustment difficulties due to life changes among others"" with no autism, ASD or evaluation string. Subpage coverage was blocked by ROBOTS_DISALLOWED on /services/ — the site is live and reachable, only its interior pages could not be loaded."
6491,Untamed Therapy & Consulting | EMDR Certified Trauma Therapy in SWFL,Cape Coral,Y,https://untamedtherapy.com/,"Solo EMDR-certified trauma therapy for adults 18+ — EMDR intensives, inner-child and parts work, nervous-system regulation",N,N,REMOVE,https://untamedtherapy.com/,HIGH,"Explicitly adult-only trauma practice — ""adults (18+) one-on-one"" whose ""clients are mostly hyper-independent, burnt-out women"" — so no pediatric or developmental work at all. No autism, neurodivergent or evaluation string anywhere including the ten-item nav, so no second page was required."
6866,"360 Counseling LLC Clearwater, FL",Clearwater,Y,http://www.clearwater360counseling.com/,"Ten-clinician general counseling group (mostly registered interns) — couples, family, group, grief, first responders, anger management, EMDR, depression/anxiety, infertility, career",N,N,REMOVE,https://clearwater360counseling.com/autism-spectrum-disorder/,HIGH,"The autism page was compared against the couples-counseling page and both are Brighter Vision boilerplate specialty templates with the same problem-questions/CTA skeleton — the autism page is generic ""Signs and Symptoms of ASD"" education whose only service claim is ""Therapist, Cathi Long offers counseling to individuals, families & couples struggling with Autism Spectrum Disorder in Clearwater, FL."" Autism is one entry in a long specialty list with no ADOS, assessment, diagnosis or evaluation offered, so it fails the ""autism among fifteen other specialties"" rule."
6614,Better Care Counseling,Clearwater,Y,http://bettercarecounseling.com/,"Solo LCSW-led practice (Michelle Hart Aletkin) — EMDR, CBT, mindfulness therapy for trauma, PTSD, anxiety, grief/pet loss, chronic illness, plus pre-marital counseling and health coaching",N,N,REMOVE,http://bettercarecounseling.com/,HIGH,"Adult trauma/EMDR generalist whose stated population list runs ""anxiety, depression, domestic violence, infertility, grief/loss, health issues, panic, life transitions, PTSD, trauma, relationship issues"" with no autism, ASD or developmental-evaluation string in body or nav. No second page needed since the main service page carries no autism claim at all."
9032,Be Kind To Mind Counseling,Daytona Beach,Y,https://bekindtomind.com/,"General outpatient counseling/psychotherapy for children, teens, adults and couples; specializations are ART, Brainspotting, Play Therapy, and immigration psychological assessments",N,N,REMOVE,https://bekindtomind.com/specializations,HIGH,"The only autism string is a generalist condition list on the homepage (""ADHD, autism, depression, relationship stress"") plus the site-wide tagline ""Anxiety, Trauma, OCD, Neurodivergence, Couples, and Relationship Challenges"" that repeats as chrome on every page. The Specializations page names only ART, Brainspotting, Play Therapy and Immigration Psychological Assessments — no autism service and no autism diagnostic evaluation."
7019,Daytona Beach Counseling Center,Daytona Beach,unclear,https://www.opendoorscounselingnetwork.com/,"Stored domain now redirects to a general counselor referral network offering individual, couples, family, grief, trauma, addiction and adolescent counseling",N,N,REMOVE,https://www.opendoorscounselingnetwork.com/,HIGH,"STORED-WEBSITE MISMATCH: daytonabeachcounselingcenter.com 302-redirects to opendoorscounselingnetwork.com, which brands itself ""Where Hope Begins Counseling Network (formerly Open Doors Counseling Network)"" and describes itself as ""a Directory of local counselors at different locations"" — the named practice no longer has its own site. No autism, ASD, or evaluation mention appears anywhere on the destination site."
8971,Embridge Counseling Services,Daytona Beach,Y,http://www.embridgecounselingservices.com/,"In-home and online psychotherapy plus mental health assessments across Volusia, Flagler, Osceola, Orange, Polk and Seminole counties for adults, children, couples and families",N,N,REMOVE,http://www.embridgecounselingservices.com/,HIGH,"The site's own service/condition listing covers ""anxiety, depression, PTSD, ADHD, anger management, grief, and relationship issues"" with no occurrence of autism, ASD, neurodevelopmental, or ADOS anywhere on the main service page, so no second page was needed. ""Mental health assessments"" is generic intake language, not autism diagnostic evaluation."
10363,New Beginnings Counseling,Daytona Beach Shores,unclear,,unclear,unclear,unclear,REMOVE,,LOW,"No stored website; searches for ""New Beginnings Counseling"" with Daytona Beach Shores, with Daytona Beach, and with the stored phone returned only aggregator profiles (Healthgrades, Yelp, Yellowpages, Nextdoor) and unrelated same-name practices elsewhere (nbcounselingsolutions.com, begincounselingwithus.com) — no site belonging to this practice exists, and its listed phone is a Rhode Island 401 area code. Nothing establishes any autism service, so per trap 3 this is a complete answer and the record cannot be substantiated."
6032,Modern Minds Counseling and Art Therapy,Dunedin,Y,http://www.modernmindscounseling.com/,"Perinatal and maternal mental health counseling — pregnancy, postpartum, women's health, anxiety, depression and trauma — using art therapy and Accelerated Resolution Therapy",N,N,REMOVE,http://www.modernmindscounseling.com/,HIGH,"The practice serves ""mothers navigating pregnancy, postpartum, identity shifts, anxiety, trauma"" and matrescence; the words autism, ASD, neurodivergent and developmental do not appear anywhere on the site's home or services content, so no second page was needed. No evaluation or testing service of any kind is offered."
6731,"Restorative Integrations, Fort Lauderdale EMDR Therapy",Fort Lauderdale,Y,https://restorativeintegrations.com/,Adult EMDR and trauma therapy in a solo private practice in Fort Lauderdale,N,N,REMOVE,https://restorativeintegrations.com/,HIGH,"Site describes only ""EMDR therapy"" and trauma work for ""adults processing past experiences and trauma"" and relationship difficulties ""stemming from past harm"" — no autism, ASD, neurodivergent, or evaluation string appears, so no second page was needed. The www host returned a robots 429; the bare host loaded on retry."
7299,A Peaceful Mind Counseling Group,Fort Myers,Y,https://apmcounseling.org/,"Multi-site general mental health group (Fort Myers, Port Charlotte, Fort Lauderdale) offering EMDR/trauma therapy, psychiatry, couples and family counseling, teen and individual therapy, veterans/first-responder work and addiction treatment",N,N,REMOVE,https://apmcounseling.org/,HIGH,"The site's full service index — trauma/EMDR, psychiatry, couples, teens, individual, first responders, addiction, interventions — contains no autism, ASD, neurodivergent or evaluation string anywhere, so no second page was needed. Populations named are ""individuals, couples, families, teens, veterans, first responders,"" with no developmental-disability or assessment offering."
6809,Prather Behavioral Health and Counseling LLC,Fort Myers,Y,http://pratherbhc.com/,"Solo LMHC practice (Joseph Prather, M.S., LMHC, CCMHC, CFMHE) offering individual, family and couples therapy, supervised visitation, consultation and ""Testing and Evaluation"" for children 5-17, young adults and families",N,unclear,REMOVE,http://pratherbhc.com/,HIGH,"""Autism Spectrum Disorder"" appears only inside the site's long issues-addressed list beside ""Anger Management, Anxiety, Depression, Trauma, PTSD, OCD, Oppositional Defiance, ADD/ADHD, Custody Issues"" — a fifteen-condition generalist list, not a stated focus. ""Testing and Evaluation"" is never described as autism diagnostic work and the only evaluator credential held is Certified Forensic Mental Health Evaluator, pointing to custody/forensic evaluation; two attempts at the /services page returned 429, exhausting the fetch budget."
7000,"SWFL Counseling, LLC",Fort Myers,Y,http://www.swflcounsel.com/,"General Fort Myers counseling practice offering couples/marriage counseling, Christian/faith-based counseling, children's counseling, life transitions, psychiatry services and counselor education",N,N,REMOVE,http://www.swflcounsel.com/,HIGH,"The site's service list is ""Couples/Marriage Counseling, Christian/Faith-based Counseling, Children's Counseling, Life Transitions, Counselor Education"" serving a ""diverse population,"" with no autism, ASD, neurodivergent, developmental, testing or evaluation string present. Two follow-up fetches of the bare host and the psychiatry-services page were blocked by robots.txt failures, exhausting the budget, but the main page already settles it."
6559,"The Onyx Counseling Center, LLC",Fort Myers,Y,,"Solo clinical-social-work counseling practice (NPI 1629556840 registered as Social Worker, Clinical) at 6361 Presidential Ct, Fort Myers",unclear,unclear,REMOVE,,LOW,"No stored website and none exists — searches on the practice name with Fort Myers, and on the name plus autism, surfaced only a Yelp listing, an NPI registry entry taxonomised ""Clinical Social Worker,"" and an @onyx_llc X account, so per trap 3 no aggregator page was fetched or credited. Nothing anywhere states an autism focus or any evaluation service, so the record is unsupportable."
6502,"Creative Counseling Services, Inc.",Gainesville,Y,,"Small general counseling practice at 4001/4010 W Newberry Rd, Gainesville, owned by John E. ""Butch"" Jones, LMHC",unclear,unclear,REMOVE,,LOW,"No stored website and none found — searches on the name with Gainesville, with the stored phone, and with ""website therapists services"" returned only a Greater Gainesville Chamber of Commerce member listing, Yelp, Manta and wellness.com, so per trap 3 no aggregator page was fetched or credited. The chamber listing categorises it simply as ""Mental Health Services,"" with no autism, developmental, or evaluation claim anywhere."
5847,Elite DNA Behavioral Health Therapy & Psychiatry Clinic - Gainesville,Gainesville,Y,https://elitedna.com/locations/gainesville/,"Branch clinic of the Elite DNA chain offering psychiatric care, medication management, psychotherapy, children's mental health, trauma, couples, family and group therapy and telehealth for ages 6+",N,N,REMOVE,https://elitedna.com/locations/gainesville/,HIGH,"TRAP 1 / MULTI-SITE CHAIN: the Gainesville location page's own conditions list is ""ADHD, Anxiety, Depression, Gender Dysphoria, OCD, PTSD, Postpartum Depression, Insomnia, Bipolar Disorder... Stress & Burnout"" — autism, ASD, ABA and developmental do not appear in the location body copy at all, and the page names no clinicians or autism credentials. Any autism/ABA presence is chain-wide chrome elsewhere on elitedna.com, and the chain's own ABA work is attributed to the separately named Fort Myers Occupational Therapy, Speech & ABA Clinic, not this branch."
9103,Learning Curve Counseling,Gainesville,Y,http://www.learningcurvecounseling.com/,"Marriage/couples counseling, premarital and affair-recovery work, plus individual anxiety counseling and online couples courses",N,N,REMOVE,http://www.learningcurvecounseling.com/,HIGH,"Despite the ""Learning Curve"" name, the site is entirely relationship work — nav reads ""Couples Pricing / Couples Courses / In-Person Counseling / Relationship Blueprint Course"" and copy centers on ""rebuilding trust after betrayal""; no psychoeducational, academic, gifted or IQ testing is offered either. Zero autism/ASD/evaluation string on the main service content, so a second page was unnecessary."
6883,Revive Counseling Gainesville,Gainesville,Y,https://revivegnv.com/,"General outpatient counseling for children, adolescents and adults — relationship and trauma therapy",N,N,REMOVE,https://revivegnv.com/,HIGH,"Site states specialization in ""child therapy, adolescent therapy, relationship therapy, trauma therapy"" with no autism, ASD, developmental or psychoeducational-evaluation string anywhere including nav and footer. Treating children is not an autism focus and no assessment/testing service is advertised."
8856,Time For Change Counseling,Gainesville,Y,http://www.atimeforchange.org/,"Court-referred/forensic behavioral programs — domestic violence assessment and BIP, anger management, Moral Reconation Therapy, substance abuse, parenting and prostitution-education classes",N,N,REMOVE,http://www.atimeforchange.org/,HIGH,"The eight listed services are ""Domestic Violence Assessments... BIP and Anger Management, Moral Recognation Therapy (MRT), Mental Health and Substance Abuse, Abuse Evaluation, Parenting Class... Prostitution Education Program"" — adult court-mandated programming. The only ""evaluation"" offered is abuse evaluation, not autism diagnostic evaluation, and autism appears nowhere on the site."
6797,Village Counseling Center of Gainesville - Main Office,Gainesville,Y,http://www.villagecounselingcenter.net/,"Trauma-focused counseling agency — sexual-abuse assessment and treatment, trauma recovery, adoption support, school-based counseling, CBT/DBT/EMDR and trauma-focused occupational therapy",N,N,REMOVE,http://www.villagecounselingcenter.net/,HIGH,"Programs are built entirely around abuse and trauma — ""sexual abuse assessment and treatment,"" ""trauma recovery,"" ""adoption success"" — with no autism, ASD or developmental-evaluation string anywhere including nav and footer. Their assessment offering is sexual-abuse assessment, not autism diagnostic evaluation."
6942,"Blum Counseling Group, LLC",Hollywood,Y,http://www.blumcounselinggroup.com/,"General adult mental-health practice — anxiety, depression, grief/trauma, CBT, clinical hypnotherapy, NeurOptimal neurofeedback, marriage and family therapy, and immigration psychological evaluations",N,N,REMOVE,http://www.blumcounselinggroup.com/,HIGH,"All nine listed services are adult generalist mental health plus ""Immigration Psychological Evaluations"" — an immigration-court evaluation, not a developmental or autism diagnostic one. No autism/ASD string appears anywhere on the site, so no second page was needed."
7312,Your Narrative Counseling & Therapeutic Services,Hollywood,Y,http://www.yournarrativecounseling.com/,"Solo LMFT practice for at-risk youth and families — autism and behavioral therapy, family/marriage therapy, psychological evaluations with court appearances, and an online ABA-based skills program",Y,unclear,KEEP,http://www.yournarrativecounseling.com/,HIGH,"Not chrome — the homepage names ""Autism & Behavioral Therapy"" as one of three top service areas, advertises work with ""Autistic Families"" plus a behavior-analysis credential and a ""New Age ABA"" online skills program, and its own page title is ""Your Narrative Counseling | Autism Evaluation,"" whereas the separate /about page carries only a laundry-list mention (""diagnosed with ADHD, ODD, Anxiety, Depression, Autism, & Trauma related disorders""). Diagnostic capability is unconfirmed: ""psychological evaluations and court appearances"" is offered but ADOS/ADI-R/developmental evaluation is never named."
8946,Adolescent & Adult Psychotherapy Services,Jacksonville,unclear,,unclear,unclear,unclear,REMOVE,,LOW,"No stored website; three searches (exact name + Jacksonville FL, exact name + ""636-9444"", and the phone number alone) returned no site, listing or profile for this practice — only unrelated Jacksonville therapy directories and a similarly named ""Adolescent and Adult Psychiatric Services"" Yelp page, which is a different business name. Nothing establishes it is operating or that it does any autism work, and per instruction no aggregator profiles were used to pad the record."
6561,"Authentic Self Counseling of Jacksonville, LLC",Jacksonville,Y,http://www.authenticselfjax.com/,"Adult and teen outpatient counseling — ADHD counseling and ADHD testing, addiction and family-of-addict therapy, DBT, EMDR, neurofeedback, PTSD, depression and chronic-illness therapy",N,N,REMOVE,http://www.authenticselfjax.com/psychology-testing-for-adhd-diagnosis,HIGH,"The only testing they advertise is ""Psychology Testing For ADHD Diagnosis,"" and that dedicated page's body is literally ""Coming soon.."" with no autism, ASD, ADOS or developmental-evaluation wording; ADHD testing alone is not autism-relevant. Autism appears nowhere on the homepage service list, nav or footer."
7272,Full Potential Counseling,Jacksonville,Y,,Women's therapy practice — trauma/PTSD and postpartum/perinatal counseling for adult women,N,N,REMOVE,,LOW,"fullpotentialcounseling.com blocks automated retrieval entirely (robots.txt disallows all paths on both www and bare host across two attempts), so no page could be loaded and website_found is left empty. Its own indexed page titles — ""Women's Therapist in Jacksonville, FL,"" ""Trauma Therapist Jacksonville FL,"" ""Postpartum Counseling Jacksonville FL"" — describe an adult women's trauma/perinatal practice with no autism or evaluation service surfaced anywhere."
6613,Insight Psychiatry & Counseling,Jacksonville,Y,https://www.insightpsychiatrycounseling.com/,"Psychiatric medication management and integrative psychiatry with supportive therapy and EMDR — depression, anxiety, ADHD, OCD, bipolar; GeneSight pharmacogenetic testing",N,N,REMOVE,https://insightpsychiatrycounseling.com/services/,HIGH,"Judged on service content, not on the presence of a prescriber: both the homepage and the separate /services page list only ""Diagnostic Assessment, Integrative Psychiatry, Depression, Anxiety, ADHD, OCD, Bipolar Disorder, EMDR,"" with no autism, ASD, ADOS or developmental/psychoeducational evaluation on either. ""Diagnostic Assessment"" here is the standard psychiatric intake evaluation and the only testing named is GeneSight pharmacogenetic testing."
6836,"Lotus Moon Counseling, LLC",Jacksonville,Y,https://lotusmooncounselingllc.clientsecure.me/,"Solo adult psychotherapy (Kathryn Post, LMHC) — existential, Jungian, feminist and mindfulness-based therapy for chronic mental health conditions, anxiety, mood and psychotic disorders",N,N,REMOVE,https://lotusmooncounselingllc.clientsecure.me/,MEDIUM,"The ""site"" is a SimplePractice client-booking portal rather than a conventional website, but its published profile is the practice's own content: ""Asperger's Syndrome"" and ""Autism Spectrum Disorder"" appear only inside a ~25-item issues-treated checklist alongside codependency, polyamory, existential crisis and white privilege — exactly the disqualifying pattern of autism listed among many conditions. Adult-focused talk therapy with no assessment or evaluation service of any kind."
7185,McGuire Counseling and Psychotherapy,Jacksonville,Y,http://www.mcguirerecovery.com/,"General outpatient counseling for teens and adults — anxiety, depression, trauma/PTSD, women's issues, drug and alcohol addiction, EMDR and NARM therapy, plus the Aspire and Ascend programs",N,N,REMOVE,http://www.mcguirerecovery.com/,HIGH,"Stored-name check: the domain resolves to ""McGuire Recovery & Psychotherapy"" at 7235 Bonneval Rd, Jacksonville with the record's phone, so it is the same business under a slightly different trading name — not a mismatched site, though the record's ""McGuire Counseling and Psychotherapy"" should be corrected. Its full specialties index names nine service pages (individual, teens, anxiety, depression, women's issues, trauma/PTSD, addiction, EMDR, NARM) and autism/ASD appears in none of them."
6569,Southside Counseling Biofeedback & Stress Management Center,Jacksonville,unclear,,"Solo LMHC counseling practice of Theresa G. Stanford, LMHC, Nationally Certified Biofeedback Therapist — counseling with biofeedback for stress management",unclear,N,REMOVE,,LOW,"No stored website; searched the business name + Jacksonville and the stored (904) 260-4100 number, which returns only listing pages for ""Stanford Theresa G - Southside Counseling Biofeedback & Stress Management,"" i.e. the solo practice of Theresa Stanford, LMHC, NCBT, with no practice-owned site to load and no evidence the practice is still active. The one professional-directory profile I attempted (Psychology Today id 88468) now resolves to an unrelated Jacksonville therapist, so nothing was confirmed loaded; per the no-website rule I did not pad this row with aggregator profiles, and no autism focus or autism evaluation evidence exists — biofeedback/stress-management counseling by an LMHC does not meet the KEEP bar."
6716,ABC Mental Health & Relationship Counseling,Lakeland,Y,http://www.abcmentalhealthcounseling.com/,"General outpatient mental health counseling and marriage/family therapy — individual, couples, family and group therapy, solution-focused",N,N,REMOVE,http://www.abcmentalhealthcounseling.com/,HIGH,"Site describes treating ""children, teenagers, adults, families and couples in both individual and group settings"" with no autism, ASD, or developmental-disability string anywhere, and no testing or diagnostic evaluation offered. Single-page site (nav is only ""Schedule Appointment"" and ""Helpful Forms""), so no second page was needed to rule out chrome-only mentions."
8923,Atala Counseling,Lakeland,Y,https://atalacounseling.com/,"General outpatient counseling — individual counseling for children, adults and seniors, couples therapy, family counseling, therapy intensives, and Mental Health First Aid training",N,N,REMOVE,https://atalacounseling.com/services,HIGH,"Site is a solo Lakeland practice (Atala Counseling) whose service content names only individual, couples and family therapy for anxiety, depression, trauma and life transitions. No autism, ASD, developmental or evaluation string appears on any page loaded, including nav and footer, so there is not even a chrome-level mention to discount."
6897,"Black Swan Counseling Services, LLC",Lakeland,Y,https://blackswancounseling.com/,"General/relationship-focused outpatient counseling — individual, couples and family therapy plus ""Polycule Counseling"" for polyamorous and ENM clients; specialties are trauma/PTSD, LGBTQ+, anxiety, depression, sex therapy",N,N,REMOVE,https://blackswancounseling.com/,HIGH,"Clinician specialty lists run to roughly 25 items (trauma, LGBTQ+, polyamory/kink, divorce, sex therapy, video game addiction) and autism/ASD appears in none of them; no testing or diagnostic evaluation is offered. The stored www host returned a robots 429, so the bare host was loaded instead — same site, adult-relationship therapy practice."
8803,Counseling and Testing Services,Lakeland,Y,http://counselingandtesting.com/,"Solo clinical-psychology practice (Dr. Jeanene Robinson-Kyles) — general psychotherapy for toddlers through elders plus assessment ""used at the office to designate specific learning and mental health disabilities, as well as personality concerns""",N,unclear,REMOVE,https://www.psychologytoday.com/us/therapists/robinson-kyles-counseling-and-testing-services-lakeland-fl/210526,MEDIUM,"The ""testing"" in the name is defined only as ""Assessment measures are used at the office to designate specific learning and mental health disabilities, as well as personality concerns"" — learning-disability and psychopathology/personality testing, with no ADOS-2, ADI-R, or developmental/autism evaluation named on the own site or the profile. Autism appears solely as one checkbox in an 80+ item Psychology Today expertise list, which is directory boilerplate rather than a stated focus, and the practice's own one-page site (loaded twice) contains no autism, ASD, developmental, psychoeducational, gifted, or IQ string at all."
7233,Creative Community Counseling,Lakeland,Y,,"Solo LMHC practice (Cathy Ghent, MS, LMHC) trading as Creative Community Counseling, Inc. — family, couples and adult/child therapy in Lakeland",N,N,REMOVE,,LOW,"The stored cathyghent.com/contact-me is a personal-name domain that does correspond to this business, but it could not be loaded in three attempts (DNS/robots failures on www, bare host, and the site root), so no page is confirmed loaded; service content does live elsewhere on the domain, whose indexed page titles read ""Home: Family Therapy | Couples Therapy | Lakeland, FL 33813"" and ""Links & Resources ... Adult Child Therapy"" with no autism string. NPI registry classifies the corporation as Community Behavioral Health — a general counseling practice, with no autism focus or diagnostic evaluation found."
9116,Cue Counseling Center,Lakeland,Y,http://cuecounseling.com/,"Solo LCSW practice (Deborah Boynton) — CBT/DBT therapy for adults and couples covering anxiety and life transitions, plus telehealth, mentorship, RTM trauma/PTSD therapy and Gottman couples counseling",N,N,REMOVE,http://cuecounseling.com/,HIGH,"The site's own service nav is ""Telehealth Services, Mentorship Services, RTM (Therapy for Trauma and PTSD), Gottman Couples Counseling"" and the stated audience is ""women, men, and couples"" facing professional stress and relationship challenges — adult-focused, with no autism, ASD, or developmental string and no testing offered. No autism mention on the main service page, so no second page was needed."
6768,Family Life Counseling Center,Lakeland,Y,https://www.familylifecounselingcenter.com/,"Multi-site Christian counseling group (14 offices across Lake, Orange and Polk counties, HQ Clermont) — individual, couples, family and teen therapy, play therapy, EMDR/Brainspotting, psychiatry and medication management, music therapy",N,N,REMOVE,https://www.familylifecounselingcenter.com/,HIGH,"The site's own 13-item specialty list (""Individual Therapy, Couples & Marriage Counseling, Family Counseling, Teen & Adolescent Counseling, Play Therapy, Trauma, EMDR & Brainspotting, Anxiety Therapy, Grief Counseling, Christian Counseling, Premarital Counseling, Psychiatry & Medication Management, Telehealth, Music Therapy"") contains no autism or developmental-disability entry, and the only assessment language is that licensed clinicians ""can provide clinical evaluations and diagnoses"" — generic intake diagnosis, not autism evaluation. The record is filed under Lakeland but the organization is Clermont-headquartered with a 352 number, serving Polk as one of three counties."
7060,Floret Counseling,Lakeland,Y,https://www.floretcounseling.com/,"Solo LMHC practice (Julianne Shabetai, LMHC, NCC) — individual counseling for children, teens and young adults specializing in ""anxiety, depression, and life stressors""",N,N,REMOVE,https://www.floretcounseling.com/,HIGH,"The three named service lines are Children Counseling, Teen Counseling and Adult Counseling with a stated focus on ""anxiety, depression, and life stressors"" — no autism, ASD, neurodivergence, or developmental string anywhere, and no testing or evaluation offered. Small site (nav is Home / Contact / More) with no autism mention in the service content, so no second page was needed."
9109,Hope Counseling Centers,Lakeland,Y,https://hopecounselingeap.com/,"Multi-site outpatient counseling center operating since 1994 (Lakeland, Winter Haven, Tampa, Daytona Beach) — individual/family/group therapy, couples and marriage counseling, anger management, addictions, forensic services, plus a psychological testing arm (IQ, achievement, learning disability, gifted, ADHD, personality, adaptive functioning, memory)",N,N,REMOVE,https://hopecounselingeap.com/testing.html,HIGH,"Tracking parameters stripped from the stored URL; despite ""EAP"" in the domain the site describes a general outpatient counseling center since 1994, not an employee-assistance program. Its testing page enumerates nine evaluation types — ""General Psychological, Intelligence, Achievement, Learning Disability, Gifted Identification, Attention-Deficit/Hyperactivity Disorder, Personality, Adaptive Functioning, Memory"" — with no autism protocol, and autism surfaces only inside the Vineland-II instrument's boilerplate population list and once on the separate psychological-testing page as one item in ""anxiety, depression, anger, malingering, addictions, autism and others""; gifted and IQ testing alone is not autism-relevant."
7465,"KINTI COUNSELING, LLC",Lakeland,Y,https://daniela-suarez-ms.clientsecure.me/,"Solo virtual-only bilingual therapy practice (Daniela Suarez Rivera, LMHC, LPCC) licensed in FL and MN — individual psychotherapy (30/45/60 min) and couples counseling for anxiety, depression, trauma, LGBTQIA+ and cultural adjustment",N,N,REMOVE,https://daniela-suarez-ms.clientsecure.me/,MEDIUM,"The stored ""site"" is a SimplePractice booking portal rather than a conventional website, but the published profile is the practice's own content: it lists 26+ treatment areas including ADD/ADHD while autism, ASD, and neurodivergence appear in none of them. Virtual-only talk therapy with no assessment or diagnostic evaluation offered."
9030,Masterpiece Counseling LLC,Lakeland,Y,http://masterpiececounseling.org/,"Solo LMHC practice (Michael Sullivan, LMHC, MCAP, QS) at 2420 N. Crystal Lake Dr., Lakeland — individual, family and couples therapy with certifications in art therapy, substance use counseling and trauma care, in-person and virtual, sliding/open fee",N,N,REMOVE,http://masterpiececounseling.org/,HIGH,"Named specialties are art therapy, substance use counseling, trauma care and ""Cognitive Education Brief Therapy (CEBT)"" with no autism, ASD, or developmental-disability string and no testing or diagnostic evaluation offered. No autism mention on the main service content, so no second page was needed."
9097,Meadowbrook Psychiatric & Counseling Centre,Lakeland,Y,https://meadowbrookcentre.org/,"Outpatient psychiatric medication management and individual/family counseling for adults, children and adolescents",N,N,REMOVE,https://meadowbrookcentre.org/services/children-and-adolescent-services/,HIGH,"Two pages compared (home + Children and Adolescent Services); zero autism/ASD string on either, and the child page names only ""depression, trauma, loss, anxiety, family problems, parents divorce, eating disorders, bullying, sleep disorder, issues at school, self harm, suicidal and homicidal ideations."" The ""psychiatric evaluations"" listed are diagnostic intake for medication management, not developmental or autism-diagnostic evaluation."
7182,New Directions Counseling Center LLC,Lakeland,Y,http://www.ndcclakeland.com/,"General outpatient and faith-based counseling for individuals, couples, families and adolescents",N,N,REMOVE,https://www.ndcclakeland.com/services,HIGH,"The services page lists 31 conditions verbatim (""ADD/ ADHD, Adolescent Issues, Adoption, Anger Management, Anxiety... Post-traumatic Stress Disorder"") and autism, ASD and Asperger's appear on none of them. No evaluation or testing service of any kind is offered."
8828,Perspective A Counseling Center LLC,Lakeland,Y,https://www.psychologytoday.com/us/therapists/melissa-williams-lakeland-fl/316669,"Solo Christian counseling practice (Melissa Williams, LMHC) for adult individuals",N,N,REMOVE,https://www.psychologytoday.com/us/therapists/melissa-williams-lakeland-fl/316669,MEDIUM,"No practice website exists; searching the name plus city surfaced only a Facebook page and this Psychology Today profile, which confirms ""Perspective A Counseling Center LLC, 4404 Florida Avenue South, Suite #2, Lakeland, FL 33813"" and lists 26 issues (ADHD, Anxiety, Behavioral Issues... Trauma and PTSD) with no autism or ASD entry. Client focus is stated as ""Adults / Individuals / Christian,"" so no child, developmental or evaluation service is offered."
6492,Renewed Integrative Counseling,Lakeland,Y,http://www.renewedic.com/lakeland,"Lakeland branch of a multi-site counseling group: CBT, DBT, TF-CBT, EMDR, play therapy and ART for children, adults, families and couples",N,N,REMOVE,http://www.renewedic.com/lakeland,HIGH,"The Lakeland location page contains no autism or ASD string in its body, its clinician profiles (Thomia Thompson LMHC, Lyanne Soto-Ramos LCSW-QS, plus five named staff) or its nav; the organization's only autism claim is on the shared site-wide /psychologicaltesting page (""Autism Spectrum Disorder... comprehensive look at cognitive ability, behavioral and social/emotional functioning, and academic achievement""), which is chrome relative to this branch. That testing is delivered by ""Breanna, our psychologist for testing"" - Breanna Nelson, licensed school psychologist listed in Riverview, not on the Lakeland roster - so the ASD evaluation belongs to another office and this branch is not credited."
7276,"Serenity Counseling, Michael Trabulsy, LMHC",Lakeland,unclear,,"unclear - solo LMHC counseling practice at 1137 Bartow Rd #201, Lakeland",unclear,unclear,REMOVE,,LOW,"No stored website and no practice site exists: searching ""Serenity Counseling"" + ""Michael Trabulsy"" + LMHC + Lakeland returned only aggregator entries (Birdeye, Thervo, a florida-bd business listing, Healthline NPI 1558542431) and the directory's own page, none of which is primary evidence and none of which I am padding this row with. Nothing establishes current operation or any autism service, and per the name-only rule autism focus stays unclear rather than inferred."
8886,SILVER LINING COUNSELING,Lakeland,Y,https://silverliningfl.com/,"Nonprofit low-cost general counseling: individual, couple/family, premarital, support groups, neurofeedback, and therapist supervision",N,N,REMOVE,https://silverliningfl.com/,HIGH,"Complete service list is ""Individual Counseling, Couple/Family Counseling, Premarital Counseling, Support Group, Neurofeedback, Therapeutic Supervision"" with no autism or ASD string and no assessment offering. Per the method, a main service page carrying no autism string at all needed no second page."
7899,Stoa Life Counseling,Lakeland,Y,https://stoalife.com/,"Adult individual counseling, couples therapy and life coaching (Stoic-philosophy framing)",N,N,REMOVE,https://stoalife.com/,HIGH,"Specialties are exclusively adult-generalist: ""Anxiety, Navigating Divorce & Separation, Trauma Recovery & Resilience, Depression, Anger Management, Stress & Burnout, Grief & Loss, Life Transitions."" No autism string anywhere on the site, no child services and no evaluation or testing."
7040,Thoughtful Counseling LLC,Lakeland,Y,https://thoughtfulcounseling.net/,"Solo-practitioner CBT and DBT therapy for children, adolescents, teens and their parents",N,N,REMOVE,https://thoughtfulcounseling.net/,HIGH,"The stored www host returned a server error and the bare host loaded on retry, describing only ""Cognitive Behavioral Therapy and Dialectical Behavior Therapy"" with children, teens and parents - no autism, ASD or neurodivergent string and no assessment service. The whole site is five pages (Home, Founder Profile, Contact Information, Expectations and Fees, Forms) with no service page beyond the homepage to compare against."
8723,Groundwork Counseling & Cognitive Behavioral Therapy (CBT) Orlando,Maitland,Y,http://www.groundworkcounseling.com/,"CBT/ERP specialty therapy practice for OCD, anxiety disorders, tics and depression in children, teens and adults",N,N,REMOVE,https://www.groundworkcounseling.com/services/orlando-cognitive-behavioral-therapy/,HIGH,"Stored URL's utm_ parameters stripped; contrary to the expected testing arm, no evaluation or testing service exists anywhere on the site - the services index lists therapy lines only (OCD, PANDAS/PANS, BDD, phobias, emetophobia, misophonia, selective mutism, CBIT for tics, CBT, ERP) and names no ADOS-2, ADI-R, psychoeducational, developmental, gifted or IQ testing. The single autism asset is a landing page - ""help children and teens Aspergers / ASD develop social skills through CBT and evidence based Social Skills Training"" - that is absent from the service index and sits parallel to their emetophobia and misophonia pages, i.e. autism treated as one condition among many rather than a stated focus."
7142,Vibewell Therapy – EMDR for Trauma & Gottman Couples Therapist,North Miami Beach,Y,https://www.vibewelltherapy.com/,"Solo practice offering Gottman couples therapy, EMDR trauma therapy, youth/teen and family therapy, intensives and clinical supervision",N,N,REMOVE,https://www.vibewelltherapy.com/,HIGH,"Confirmed rather than assumed from the stored name: the site's own service set is ""Couples | Gottman, Youth | Teens, EMDR | Trauma, Intensives, Workshops, Supervision"" with no autism, ASD or neurodivergent string and no evaluation or testing. Adult couples and trauma work is the core, with teen therapy the only youth offering."
7117,Let's Talk Counseling and Services LLC,Orlando,Y,https://www.letstalkcounselingandservices.com/,"CBT-based adult psychotherapy for anxiety, depression and trauma in Orlando",N,N,REMOVE,https://www.letstalkcounselingandservices.com/,HIGH,"Every offering is a subtype of three conditions (""General Anxiety, Health Anxiety, Social Anxiety, Panic Attacks; Situational Depression, Chronic Depression, Bipolar; Single Trauma (PTSD), Chronic Trauma (CPTSD), Sexual Trauma, Childhood Trauma""), with no autism string and no evaluation service. Second-page checks on /cognitive-behavioral-therapy-orlando and /cbt-therapists returned 429 on three attempts, but the homepage carries the site's full condition inventory."
6709,Mosaic Psychiatry,Ormond Beach,Y,https://www.mosaicpsychiatry.com/,"Solo child/adolescent and adult psychiatry: medication management, psychotherapy, psychiatric evaluation and second opinion, life coaching/social skills training, telepsychiatry",Y,unclear,KEEP,https://mosaicpsychiatry.com/about/,HIGH,"Not chrome - autism appears as distinct body content on two different pages: the home page's ""Specialized Focus on Autism, ADHD, OCD, and Problematic Interactive Media Use (PIMU)"" and the bio of Dr. Tarek Aly, dual board-certified in child and adolescent psychiatry (Boston Children's fellowship), with ""specialized training in ADHD, OCD, ASD, substance abuse and psychotherapy."" The /services page never mentions autism and no ADOS-2, ADI-R or developmental evaluation is advertised, so this qualifies on stated ASD focus by a child psychiatrist, not on documented autism diagnostic testing."
8810,OceanVista Counseling Associates,Ormond Beach,Y,https://oceanvistacounsel.com/,"General outpatient counseling — individual therapy, couples/relationship counseling, EMDR/trauma, substance use counseling, telehealth",N,N,REMOVE,https://oceanvistacounsel.com/services,HIGH,"Stored URL carried Wix tracking parameters; stripped to oceanvistacounsel.com, same live site. Home and /services both load and the services page names only ""Individual Therapy, Relationship Counseling, EMDR Therapy, PREPARE/ENRICH Couples Assessment, Telehealth"" for ""children, adolescents, and adults"" — the words autism, ADOS, and evaluation appear nowhere on either page."
6914,Ormond By The Sea Counseling,Ormond Beach,Y,http://ormondbytheseacounseling.com/,"Solo LMHC practice (Karen Palpant, LMHC) — mental health and Christian counseling, career counseling, life coaching for teens and adults; anxiety, depression, trauma, grief, relationships",N,N,REMOVE,http://ormondbytheseacounseling.com/counseling-concerns,HIGH,"The Counseling Concerns page lists ~20 issues (anxiety, depression, PTSD, OCD, grief, divorce, women's issues) including a single unelaborated line ""Neurodivergent Challenges"" — autism, Asperger's and ADHD are never named on either page loaded. No testing or diagnostic evaluation of any kind is offered; this is talk therapy for teens and adults."
9096,Presbyterian Counseling Center,Ormond Beach,Y,https://presbyteriancounseling.com/,"Nonprofit faith-based counseling center with 9 sites across Volusia/Flagler/Seminole — family, child, couples, individual, grief and life-transition counseling on a sliding scale",N,N,REMOVE,https://presbyteriancounseling.com/counseling-programs-ormond,HIGH,"Confirmed rather than assumed: the Counseling Services page lists exactly six programs — ""Family, Children, Couples, Individual, Grief, Life Transition"" — and describes child work as therapists using ""play, art, and conversation,"" with no autism, developmental disability, or testing language on it or the home page. Talk-therapy generalist, no diagnostic evaluation arm."
9083,"EMDR, Trauma & Couples Therapy Intensive in South Florida & South Carolina-Renew Your Mind Counseling-Roxana Carmenate, LCSW",Pembroke Pines,Y,,"Trauma/EMDR and couples therapy for adults — solo practice of Roxana Carmenate, LCSW-QS, MCAP (also a certified addictions professional and EMDRIA-listed clinician)",N,N,REMOVE,,MEDIUM,"NAME DISCREPANCY: the stored record name is an SEO page title, not a business name — the actual practice is ""Renew Your Mind Counseling, LLC"" (Pembroke Pines), whose own site title reads ""Trauma and Couples Therapy in Miami, Fort Lauderdale, & Orlando, FL."" All three fetch attempts on renewyourmindcounseling.com (www and bare host) were refused by robots.txt, so no page was loaded; search results, EMDRIA and therapist-directory listings show only adult EMDR/trauma, couples and addictions work with no autism or evaluation service anywhere."
6752,Counseling-Therapy New Smyrna-Port Orange Daytona,Port Orange,Y,https://counseling-therapy.org/,"Single group practice of four therapists (Edward Merkle LMHC, Marilyn DeLuera LCSW, Liana Menendez LCSW, Angela Baldwin LMHC) doing CBT/DBT/EMDR talk therapy for anxiety, depression, trauma, ADHD and relationship issues across New Smyrna Beach, Port Orange and Daytona",N,N,REMOVE,https://counseling-therapy.org/clinicians,HIGH,"The stored name is an SEO multi-city string; the site is ONE practice branded ""Counseling-Therapy: NSB • Port Orange • Daytona"" with four named clinicians, not a referral network. Neither the home page's specialty list (ADHD, anxiety, depression, bipolar, OCD, PTSD, eating disorders, geriatric) nor any of the four clinician bios mentions autism, ASD or any developmental/psychological evaluation."
7321,"Looking Forward Counseling, LLC",Port Orange,Y,https://lookingforwardcounseling.clientsecure.me/,"Solo practice of Jamie McCole, LMHC, RPT — play therapy and counseling for children, teens, adults and couples; trauma/PTSD, anxiety, body-focused repetitive behaviors, marital counseling",N,N,REMOVE,https://lookingforwardcounseling.clientsecure.me/,HIGH,"The stored ""site"" is a SimplePractice booking portal (clientsecure.me), not a conventional website, but the profile is the practice's own published content so I judged from it. Its verbatim specialty list — ""ADHD, Addiction, Adoption Counseling, Anger Management, Anxiety, Bipolar Disorder, Blended Families, Body Focused Repetitive Behaviors ... Trauma and PTSD"" — never names autism or ASD, and no evaluation or testing service is offered."
7449,A Better Tomorrow Counseling,Port St. Lucie,Y,https://www.abettertomorrowcounseling.net/,"Individual, couples and family counseling plus specialty services — sexual disorder treatment, guardianship evaluations, ketamine-assisted psychotherapy, and couples/individual retreats",N,N,REMOVE,https://www.abettertomorrowcounseling.net/services,HIGH,"Two pages loaded (home and /services); the services page names only ""Individual, Couples, Family Counseling, Sexual Disorder Treatment, Guardianship Evaluations, Ketamine Assisted Psychotherapy"" with no autism, ASD or developmental-testing string anywhere. The only ""evaluations"" offered are guardianship (capacity) evaluations for the courts — not autism diagnostic assessment."
7335,"Experience Matters Counseling, LLC",Port St. Lucie,Y,https://www.experiencematterscounseling.com/,"Solo LMHC practice (Bill Parker, J.D., M.S.) — CBT/DBT/EMDR counseling for adults, adolescents and couples; trauma, addiction/recovery, anxiety, depression, delivered virtually and in community settings across the Treasure Coast",N,N,REMOVE,https://experiencematterscounseling.com/about-bill,HIGH,"Home page and the About Bill bio both loaded; the bio describes ""cognitive behavioral therapy, dialectical behavioral therapy, motivational interviewing and EMDR"" for adults, adolescents and couples and names no autism, developmental disability or assessment service. Solo talk-therapy generalist with no testing capability of any kind."
6911,Mind + Body Counseling Institute Inc.,Port St. Lucie,Y,https://www.therapydb.com/provider/mind-body-counseling-institute-inc-port-st-lucie-fl,"Outpatient psychotherapy — ""EMDR Therapy, Anxiety Therapy, Depression Therapy, Teen Therapy, Group Therapy, Psychotherapy"" for individuals, couples and families",N,N,REMOVE,https://www.therapydb.com/provider/mind-body-counseling-institute-inc-port-st-lucie-fl,MEDIUM,"No stored website; searched the business name + Port St. Lucie and the stored phone and found no practice-owned site — only a Facebook business page (robots-blocked) and directory listings, so the license-verified TherapyDB profile (reviewed August 2026, accepting new patients) is the best evidence available. It lists only EMDR/anxiety/depression/teen/group psychotherapy with no autism, ASD or evaluation service, and shows a different phone number than the stored (772) 233-6295."
7077,"Starting Pointe Counseling Services, LLC",Port St. Lucie,Y,http://www.startingpointecounseling.com/,"Multi-clinician virtual counseling group (FL, SC, NC, GA, TX) — individual, couples, family and teen therapy, men's/women's issues, life transitions, plus DCF/court-approved online courses",N,N,REMOVE,http://www.startingpointecounseling.com/services,HIGH,"Home page and /services both loaded; the services page addresses ""depression, anxiety, loss, difficulty adjusting to transition and change, relationship concerns"" for children, adolescents and adults, and the words autism, ASD, neurodivergent, evaluation and testing appear on neither page. Telehealth talk therapy only — no assessment service."
7490,True Counseling,Port St. Lucie,Y,,"Clinical social work / outpatient counseling practice (True Counseling LLC, 1775 SW Gatlin Blvd, Port St. Lucie) offering individual therapy and a support group",unclear,unclear,REMOVE,,LOW,"truecounseling.net is indexed and live but all three fetch attempts (bare host, www, https) failed at DNS/robots resolution in this sandbox, so no page was loaded and no autism claim could be confirmed or refuted from the practice's own content. Psychology Today lists it under ""Clinical Social Work/Therapist"" with a support group and no autism specialty; nothing found in any source states autism focus or diagnostic evaluation, so it fails the KEEP test on absent evidence."
7048,"Clemente Counseling, Helen “Elena” Clemente LMHC",Spring Hill,unclear,,"unclear — solo licensed mental health counselor practice (Clemente Counseling, Inc., Helen ""Elena"" Clemente, MA, LMHC, NPI 1932310950, Spring Hill FL 34606); no service list published by the practice itself",unclear,unclear,REMOVE,,LOW,"No stored website and none exists: searched ""Clemente Counseling"" and ""Helen/Elena Clemente LMHC"" with Spring Hill FL and the stored phone, and every hit was an aggregator or NPI-registry stub (Healthgrades, Vitadox, Doctor.com, Sharecare, Monarch) with no practice-authored page, so I did not pad the row with them. Nothing in any source states an autism focus or any diagnostic-evaluation service — an LMHC in solo practice cannot bill autism diagnostic testing — so there is no basis for KEEP."
6870,creative path counseling llc,Spring Hill,Y,https://creativepathcounselingllc.clientsecure.me/,"General group counseling practice (Spring Hill plus Brooksville, Venice, Boca Raton clinicians) — trauma/PTSD, addiction, mood and eating disorders, couples, parenting and Child-Parent Psychotherapy",N,N,REMOVE,https://creativepathcounselingllc.clientsecure.me/,MEDIUM,"No website is stored; searching the name plus city located the practice's own client-portal page, which is ""Accepting New Clients"" and lists ~20 specialties (""Adoption, Anger Management, Blended Families… PTSD, Self Esteem, Social Anxiety"") with no autism, ASD or evaluation string anywhere. Aggregator profiles (Yelp, Nextdoor, Yahoo Local) were deliberately not used as evidence."
6891,In Community Counseling,Spring Hill,Y,https://www.incommunitycounseling.com/services,"General outpatient counseling — individual, family, couples, trauma-informed care, plus behavioral support and community/school-based services",N,N,REMOVE,https://www.incommunitycounseling.com/services,HIGH,"Two pages loaded (home and services); the services page lists only ""Individual Counseling, Family Counseling, Trauma-Informed Care, Couples Counseling, Behavioral Support, Community & School-Based Services"" with zero autism/ASD string in body copy, nav or footer. General practice serving ""individuals and families navigating real-life challenges,"" including court-ordered/mandated services."
7064,The Mary Welsh Foundation Counseling Center,Spring Hill,Y,https://themarywelshfoundation.com/,"Foundation-run outpatient mental health clinic for abuse survivors — counseling, psychiatry and medication management for ""children, adolescents and adults who have been severely sexually and physically abused""; Spring Hill is one of seven locations",N,N,REMOVE,https://themarywelshfoundation.com/therapy-request/,HIGH,"No stored website, but a name+city search found the foundation's real site and confirmed a Spring Hill location; home and intake pages both loaded and the entire service menu is ""Depression & Anxiety, Trauma & PTSD, Relationships, Other"" — no autism, ASD or developmental evaluation anywhere. The trauma/abuse-survivor mission is the stated focus, not developmental disability."
6586,Trauma and Counseling Solutions,Spring Hill,Y,https://traumaandcounselingsolutions.com/about,"Trauma therapy practice — individual and group EMDR, EMDR-IGTP, trauma-informed care for first responders, individuals, families and couples",N,N,REMOVE,https://traumaandcounselingsolutions.com/about,HIGH,"Confirmed rather than assumed from the name: home and clinician-bio pages both loaded, and services are ""individual therapy and counseling, individual EMDR, group EMDR, and other trauma-informed models of care"" with no autism/ASD/ADOS string anywhere. Clinician specialties are trauma, first-responder critical incidents, CBT/art therapy, cleft palate and eating disorders — no developmental evaluation."
6611,"A Time To Change Counseling Center, P.A.",Tallahassee,Y,https://www.atimetochangecounselingcenter.com/services,"General multi-clinician counseling center for all ages in Leon/Wakulla counties — EMDR, individual/family/group therapy, Christian counseling, equine therapy, VA Community Care Network provider",N,N,REMOVE,https://www.atimetochangecounselingcenter.com/services,HIGH,"Judged on its own content: the services page lists 16 items (""Depression, Anxiety, Phobias… Anger Management, Domestic Violence Counseling, Equine Therapy"") and neither page loaded mentions autism, testing or assessment. No forensic/court-referred programming appears here — nothing was carried over from the similarly named Gainesville practice."
6787,"ABLE Counseling, Coaching and Consulting",Tallahassee,Y,https://ablountifulexp.com/services,"Adults-only (18+) therapy, professional coaching, clinical supervision and higher-education consulting for burnout, anxiety, perfectionism and leadership transitions",N,N,REMOVE,https://ablountifulexp.com/services,HIGH,"The stored domain DOES match the business — the site brands itself ""A Blountiful Life Experience (ABLE)"", the same ABLE as the record name, so it is an opaque acronym rather than a mismatch (http:// hit a robots 429; the bare https host loaded on retry). Services page states ""Ages 18+"" and lists Mental Health Counseling, Professional Coaching, Qualified Supervision, Higher Education Consulting and Collective Healing Circles, with no autism, neurodivergence or disability content of any kind."
7160,Anew Life Counseling and Consulting Group,Tallahassee,Y,https://www.anewlifeccgroup.com/services,"General teletherapy/counseling group — individual, family, marital and group therapy, generic intake assessments, plus LCSW licensure supervision",N,N,REMOVE,https://www.anewlifeccgroup.com/services,HIGH,"Two pages loaded; the only assessment offering is a generic referral intake that ""can be made by the individual, parent, court, lawyer, or an agency"" — not autism diagnostic evaluation — and no autism/ASD/ADOS string appears in body copy, nav or footer. No age or population specialization is stated anywhere."
6604,"Canopy Counseling & Consulting, LLC",Tallahassee,Y,https://www.canopy-counseling.com/new-page-1,"Solo bilingual psychotherapy practice — trauma, anxiety, OCD and depression; CPT for PTSD and EXRP for OCD; experience with domestic violence and substance abuse across children, adolescents and adults",N,N,REMOVE,https://www.canopy-counseling.com/new-page-1,HIGH,"Confirmed rather than assumed from the trauma-adjacent name: three pages loaded (home, approach, experience) and none contains an autism, ASD or ADOS string. The home page's ""Diagnostic Evaluation"" is generic psychiatric-diagnostic intake attached to a trauma/OCD/DV caseload — no developmental or psychoeducational testing is described."
6848,ERICA MILLER COUNSELING GROUP LLC,Tallahassee,Y,http://www.ericamillercounseling.com/services,"Family and behavioral counseling group — individual/couples/family therapy, parenting classes, anger management and DV counseling, plus a social skills training program for children with autism-related disorders",Y,N,KEEP,http://www.ericamillercounseling.com/services,HIGH,"Not chrome: the autism wording appears only on the services page (absent from the home page, nav and footer) as a discrete service line — ""Training designed for children with Autism Related Disorders to teach the fundamentals of social interaction and communication"" — i.e. autism is the defining population of that program, not one condition in a specialty list. No diagnostic evaluation or testing is offered, so this qualifies on the autism-directed service only and the rest of the practice is generalist."
6781,Gulf Wind Counseling,Tallahassee,Y,http://www.gulfwindcounseling.com/child-therapy.html,"General outpatient counseling for children 4-18, adults, couples and families — anxiety, depression, trauma/EMDR, ADHD, OCD, couples work",N,N,REMOVE,http://www.gulfwindcounseling.com/child-therapy.html,HIGH,"The site's only autism string is a modality aside on the child-therapy page — ""ADHD Sensory and ASD techniques"" — while the 15 conditions actually named (anxiety, depression, ADHD, OCD, oppositional defiance, school refusal, gender dysphoria, PTSD…) omit autism entirely. Two pages compared; no testing, assessment or evaluation of any kind is offered."
7393,"Lang Counseling and Consulting Group, LLC",Tallahassee,Y,https://www.psychologytoday.com/us/therapists/lang-counseling-and-consulting-group-llc-tallahassee-fl/276192,"General clinical social work practice — ""trauma, depression, anxiety, relationship conflict, family and couples counseling, anger management, and behavior modification"" for teens, adults and elders",N,N,REMOVE,https://www.psychologytoday.com/us/therapists/lang-counseling-and-consulting-group-llc-tallahassee-fl/276192,MEDIUM,"No stored website and a name+city search turned up no practice-owned site, only registries; the active Psychology Today professional listing gives top specialties ""Depression, Trauma and PTSD and Dual Diagnosis"" with client focus ""Teen, Adults, Elders (65+)"" and neither autism nor Asperger's among the specialties. No children served and no testing or evaluation offered."
7278,Living Free Counseling,Tallahassee,unclear,,unclear,unclear,unclear,UNCLEAR,,LOW,"No stored website; two name+city searches (""Living Free Counseling"" Tallahassee, and with clinician name Kendra DeClouet Alex, LCSW) returned only registry and aggregator entries — NPI 1356014575, Yelp, Yellow-pages-style directories, LinkedIn — and no practice-owned site to load, so nothing was fetched and no service content could be established. Per the no-website rule I did not pad this row with aggregator profiles; no autism signal surfaced in any search result."
7364,"Red Hills Counseling Center, Inc.",Tallahassee,Y,http://redhillscounselingcenter.com/,"General outpatient counseling: anxiety and mood disorders, substance dependence, trauma, LGBTQ+ concerns, couples/family counseling, parenting education",N,N,REMOVE,http://redhillscounselingcenter.com/,HIGH,"Site states expertise in ""anxiety and mood disorders, alcohol and substance dependence, chronic mental illness, trauma and LGBTQPIA concerns"" for ""all age groups, from children to older adults"", with no autism, ASD or evaluation string anywhere. Nav is only Home / About Us / FAQ & Contact Us, so there is no second service page to test and no autism claim needing a chrome check."
8863,Renaissance Somatic Counseling,Tallahassee,Y,https://openpathcollective.org/clinicians/robin-dunn-bryant/,"Solo LCSW (Robin Dunn Bryant) providing trauma-informed somatic therapy, Rapid Resolution Therapy and mind-body work for adults",N,N,REMOVE,https://openpathcollective.org/clinicians/robin-dunn-bryant/,MEDIUM,"Own site rensocounseling.com resolves but blocks all crawling in robots.txt; its indexed page titles are ""Trauma-Informed Somatic Counselor in Tallahassee"", ""Rapid Resolution Therapy (RRT) in Tallahassee"" and ""Mind-Body Therapeutic Techniques in Tallahassee"", none autism-related. Clinician registry lists specialties as ""Anxiety, Depression, Emotional Disturbance, LGBTQ+ (Sexuality), Meditation & Mindfulness, Relationship & Interpersonal Issues, Sexual Assault, Abuse, or Harassment, Stress, Trauma and PTSD, Women's Issues"" for adults aged 20-64 — confirmed adult somatic practice, no autism or developmental content."
7372,SG Mental Health Counseling,Tallahassee,Y,https://loveyourlocaltlh.com/listing/sg-mental-health-counseling/,"General mental health counseling (Divine Healthcare Consulting dba SG Mental Health Counseling) for ""children, young adults, and geriatric adults"" — depression, anxiety, lifestyle transitions, abuse trauma",N,N,REMOVE,https://loveyourlocaltlh.com/listing/sg-mental-health-counseling/,MEDIUM,"STORED WEBSITE MISMATCH: sgmentalhealthservices.com returns a bare nginx ""404 Not Found"" and the practice's only live web presence is a Facebook page; a similarly named sgmentalhealth.co exists but names no Florida location and cannot be tied to this business. Local business-directory listing describes ""mental health counseling services to children, young adults, and geriatric adults"" for ""medical disabilities, lifestyle transitions, depression, anxiety"" with no autism, ASD or evaluation mention."
6534,Tallahassee Counseling Center,Tallahassee,Y,https://www.tallahasseecounselingcenter.com/services/,"General child/adolescent and family counseling: ADHD/ADD evaluations and treatment, anxiety, mood and behavior disorders, adoption and divorce adjustment, EMDR, play therapy",N,N,REMOVE,https://www.tallahasseecounselingcenter.com/services/,HIGH,"Closest call in this group: the Services page (distinct content from the homepage, so not chrome) carries ""Autism Spectrum Disorders"" with real copy — ""Social skills, communication and daily living skills"" and ""Advocacy for school support and/ or accommodations"" — but as one of twelve conditions beside adoption issues, divorce adjustment and mood disorders, which the rule treats as autism among many conditions rather than a stated focus. The only testing offered is ""ADHD / ADD Evaluations and Treatment"" for ""children who are in 1st through 8th grade""; no ADOS-2, ADI-R or autism-diagnostic evaluation is offered."
6495,Whitney Owens Counseling,Tallahassee,Y,https://meetmonarch.com/therapist/whitney-owens-counseling-tallahassee-fl,"Solo LMHC individual therapy for teens and adults — anxiety, depression, trauma, LGBTQIA+, spirituality/religion and spiritual trauma",N,N,REMOVE,https://meetmonarch.com/therapist/whitney-owens-counseling-tallahassee-fl,MEDIUM,"Own site whitneyowenscounseling.com resolves but disallows all crawling in robots.txt (tried both www and bare host), so evidence is the clinician's own therapist-directory profile, which lists specialties verbatim as ""Anxiety, Depression, Trauma, LGBTQIA+, Spirituality and Religion"" plus grief, ages 12 and up. No autism, ASD, neurodivergence or evaluation mention, and the profile notes she is not currently accepting new clients."
9068,"SOS Counseling Center, Inc",Tamarac,Y,https://soscounselingcenter.com/services/,"Bilingual (English/Spanish) general counseling for children, teens, adults, couples and families — depression, anxiety, marriage and relationship work, divorce, first responders, grief, trauma",N,N,REMOVE,https://soscounselingcenter.com/services/,HIGH,"The Services page enumerates twenty presenting problems — ""Depression and Sadness, Anxiety, Fear and Stress, Marriage and Relationship Concerns, First Responders, Divorce... Empty Nest Syndrome... Pet Therapy"" — with no autism, ASD, developmental or evaluation string. Homepage and Services page were compared and neither contains an autism mention, so there is no chrome-only claim to discount."
6975,Loving Life Today: Therapy & Counseling,Tampa,Y,https://www.lovinglifetoday.com/services/therapy-counseling-and-coaching/,"Adult therapy and psychiatry wellness practice — anxiety, depression, panic, PTSD, couples/marriage counseling, EMDR, plus integrative add-ons (hypnosis, breathwork, sound healing, red light therapy, esthetician services)",N,N,REMOVE,https://www.lovinglifetoday.com/services/therapy-counseling-and-coaching/,HIGH,"Confirmed rather than assumed: homepage and the Therapy & Counseling service page were both loaded and the combined condition list is ""Anxiety, Depression, Panic, PTSD, Stress"" with couples work and ""Parenting Skills"" — no autism, ASD, neurodivergence or evaluation string on either page. Nav is Home / About Us / Treatments / FAQs / Resources / Get Started, containing no autism item, so there is not even a chrome-level mention."
7260,Serene Mind Counseling + Evaluations,Tampa,Y,https://www.serenemindpsych.com/therapist-tampa-services,"Boutique counseling practice for teens, young adults and adults — trauma, chronic illness, ""nervous system"" work, anxiety and depression; no evaluation menu is published anywhere despite ""+ Evaluations"" in the business name",N,unclear,REMOVE,https://www.serenemindpsych.com/therapist-tampa-services,HIGH,"Despite ""Evaluations"" in the name, neither the homepage (titled ""Trauma & Chronic Illness Therapy | Nervous System Specialist"") nor the Tampa services page names a single evaluation type — no ADOS-2, ADI-R, psychoeducational, developmental, ADHD, gifted, IQ, immigration or ESA testing — and the practice self-describes as a ""boutique"" that ""only focus[es] on"" depression, anxiety and trauma, so the name is the sole evaluation evidence and cannot be inferred from. The only autism string found anywhere is ""Autism"" and ""Neurodivergence"" inside a 24-item Psychology Today checkbox specialty list running from ""Career Counseling"" to ""Sports Performance"" — directory chrome, not a service claim."
6890,Total Life Counseling Center Tampa,Tampa,unclear,https://www.totallifecounseling.com/tlc-therapy-tampa/,"Tampa presence of a Central Florida counseling chain — a phone number and a tele-therapy landing page; the chain itself does general counseling, coaching and social skills groups",N,N,REMOVE,https://www.totallifecounseling.com/,HIGH,"Trap 1 confirmed by comparing two pages: the strings ""Autistic Spectrum Disorder – Aspergers"", ""Pervasive Developmental Disorder – PDD"" and ""Social Skills Groups"" appear inside a 33-item condition list that repeats identically in the SITE-WIDE FOOTER of both the homepage and the Tampa page, so it describes the site, not a Tampa service. Trap 2 also applies: the homepage location block gives street addresses for Orlando/Metrowest, East Orlando, Clermont, Winter Park, Lake Mary, Boca Raton and Dallas but lists Tampa with phone (813) 725-2714 only — the Tampa page surfaced a ""1200 W Platt St #204"" line that conflicts with that block and could not be corroborated, so any real autism work belongs to the named Central Florida offices, not this record."
9045,"The Healing Path, Family Counseling Center",West Melbourne,Y,https://npiprofile.com/npi/1952660698,"Solo LMHC mental health counseling practice (Deborah Lynn Nickens, M.S., LMHC) at 810 Hollywood Blvd, West Melbourne — NPI taxonomy ""Counselor · Mental Health"" (101YM0800X)",unclear,unclear,REMOVE,https://npiprofile.com/npi/1952660698,MEDIUM,"No website exists: the record stores none, and searches on the business name plus West Melbourne and on the phone (321) 506-4625 returned only a Sunbiz corporate filing, an active NPI registry entry and review aggregators — no practice site, no Psychology Today profile, nothing describing services. Existence and address are confirmed but the practice's actual service content is undocumented, so there is no autism evidence of any kind and the name is the only signal."
6774,"Multilingual Psychotherapy Centers, Inc",West Palm Beach,Y,https://www.mpcipbc.com/services,"Bilingual (English/Spanish/Haitian Creole/Portuguese) community behavioral health agency — psychiatry and medication management, outpatient therapy, Therapeutic Behavioral On-Site Services for ages 0-20, targeted and intensive case management, psychosocial rehabilitation, CBHA assessments",N,N,REMOVE,https://www.mpcipbc.com/services,HIGH,"Judging the West Palm Beach clinic itself (1639 Forum Place, Suite 7) and not the three-site parent organisation: homepage and Services page were compared and neither carries an autism, ASD, ADOS or developmental-disability string in body copy, nav or footer. The testing language is generic Medicaid behavioral-health wording — ""assessment, evaluation, and diagnosis of mental conditions using a range of testing methodologies to guide treatment and clarify diagnosis"" — which names no autism-diagnostic instrument."
