id,name,address,city,state,zip_code
7098,"Hancock-Smith Pediatric & Behavioral Health, LLC",13900 TECH CITY CIR,Alachua,FL,32615
6066,UNIQUE CARING OPPORTUNITIES INC.,15604 NW 140TH ST,Alachua,FL,32615
6390,ANGELIC COMPANION SERVICES,498 PALM SPRINGS DR STE 100,Altamonte Springs,FL,32701
9505,"Dr. Daniel Komforti, PT, DPT",860 N STATE RD 434,Altamonte Springs,FL,32714
9401,"Talk the Talk Pediatric Therapy, LLC",300 FRANDORSON CIR,Apollo Beach,FL,33572
6281,"RIDGE AREA ARC, INC.",4352 INDEPENDENCE ST,Avon Park,FL,33825
6401,"HABILITATION CENTER FOR THE HANDICAPPED, INC.",22313 BOCA RIO ROAD,Boca Raton,FL,33433
7942,Select Physical Therapy - Cay West,1715 CAPE CORAL PKWY W,Cape Coral,FL,33914
8934,"THE ARC OF LEVY COUNTY, INC.",7550 149 PL,Chiefland,FL,32626
9054,NEED A HAND? CALL ANN,4300 E BAY DR LOT 106,Clearwater,FL,33764
10267,Barrett Outpatient Rehabilitation & Sports Medicine Center,430 MORTON PLANT ST # 101,Clearwater,FL,33756
10148,Brooks Rehabilitation Outpatient Clinic - Deltona,3400 HALIFAX CROSSING BLVD,Deltona,FL,32725
10004,Wolfson Children's Specialty Center - Baptist Clay,1747 BAPTIST CLAY DR,Fleming Island,FL,32003
7575,Island Cove Behavioral Pediatrics,1831 GOLDEN EAGLE WAY,Fleming Island,FL,32003
10235,Wolfson Children's Rehabilitation - Wolfson Children’s Specialty Center - Baptist Clay,1747 BAPTIST CLAY DR SUITE 100,Fleming Island,FL,32003
7366,Evolutions Treatment Center - Ft Lauderdale,2901 W CYPRESS CREEK RD,Fort Lauderdale,FL,33309
9433,XPE Sports Rehab,5300 POWERLINE RD,Fort Lauderdale,FL,33309
8504,Sunshine Kidz Pediatric Care - Ft Lauderdale,2122 W CYPRESS CREEK RD,Fort Lauderdale,FL,33309
9535,Total MD,2700 W CYPRESS CREEK RD STE C100,Fort Lauderdale,FL,33309
9678,Hernandez Therapy Clinic,2950 W CYPRESS CREEK RD,Fort Lauderdale,FL,33309
9890,CORA Physical Therapy Fort Myers,6900 DANIELS PKWY,Fort Myers,FL,33912
8066,Helping Hands,GAINESVILLE,Gainesville,FL,32601
6226,SUCCESS AT WORK,5800 PALM AVE,Hialeah,FL,33012
6166,"D & D REHAB CENTER, INC",3412 W 84TH ST # E106,Hialeah,FL,33018
6162,AMERICAN HOME HEALTH PROVIDERS CORP.,3408 W 84TH ST STE 203,Hialeah,FL,33018
10060,Loving Angels PPEC,13115 W OKEECHOBEE RD,Hialeah,FL,33018
8434,Inspire Vision Therapy and Rehab,3475 Sheridan Street Suite 206,Hollywood,FL,33021
7592,Joe DiMaggio Children’s Hospital,1005 JOE DIMAGGIO DR,Hollywood,FL,33021
7672,Select Physical Therapy - Hollywood,3325 HOLLYWOOD BLVD,Hollywood,FL,33021
9325,My Kid Therapy Center - ABA Therapy in Miami,1180 N KROME AVE,Homestead,FL,33030
5777,BUSH BRIANNA N,6528 SWEETBAY LN APT 102,Jacksonville,FL,32244
8490,Baptist Behavioral Health - Wolfson Children's Bridge Program,"836 Prudential Drive Pavilion Building, Suite 1507",Jacksonville,FL,32207
9561,Premier Physical Therapy,4230 PABLO PROFESSIONAL CT,Jacksonville,FL,32224
9972,Reunion Rehabilitation Hospital Jacksonville,12645 SALINA DR,Jacksonville,FL,32246
10096,Wolfson Children's Rehabilitation - Baptist Medical Center Beaches,"1375 Roberts Drive MOB B, Suite 202B",Jacksonville Beach,FL,32250
6463,"HPS, HELPING PEOPLE SUCCEED, INC.",1601 NE SUCCESS DRIVE,Jensen Beach,FL,34957
9747,Sloane Stecker Physical Therapy - Jupiter,1155 MAIN ST STE 101,Jupiter,FL,33458
10398,Beyond Speaking Rehab Specialists,3485 W VINE ST SUITE 3485,Kissimmee,FL,34741
10202,EARLY INTERVENTION SOLUTIONS LLC,5424 LAND O' LAKES BLVD,Land O Lakes,FL,34639
9637,"Advanced Rehabilitation, Inc",3690 E BAY DR S,Largo,FL,33771
6383,"THE ARC NORTH FLORIDA, INC",511 GOLDKIST BLVD SW,Live Oak,FL,32064
9316,A+ Handwriting Occupational Therapy,SHEFFIELD PARK DR,Lutz,FL,33549
10556,St. John the Evangelist Catholic Community,"5645 Stadium Pkwy, Melbourne, FL 32940",Melbourne,FL,null
9786,"Behavior Basics, Inc., Brevard Office",2401 W EAU GALLIE BLVD,Melbourne,FL,32935
9626,Honor Murphy Physical Therapy Solutions,2176 Sarno Road Suite 102,Melbourne,FL,32935
10000,Lemon City Collective,7201 NE 4th Avenue Suite 105,Miami,FL,33138
10010,DREAM HOPE & BELIEVE THERAPY CORP,13155 SW 134TH ST SUITE 218 & 219,Miami,FL,33186
9317,A Touch of Hope Occupational Therapy - Miami,19400 TURNBERRY WAY APT 812,Miami,FL,33180
6192,HOUSING AND ASSISTIVE TECHNOLOGY IN,2000 TOWERSIDE TER APT 505,Miami,FL,33138
10011,My Big World Inc,8785 SW 165TH AVE SUITE 101,Miami,FL,33193
9350,Super Hero Speech,13155 SW 134TH ST,Miami,FL,33186
9334,S.U.C.C.E.ED in Learning,6035 BIRD RD,Miami,FL,33155
9815,Nicklaus Children’s Hospital,3100 SW 62nd Avenue,Miami,FL,33155
5766,E&R HEALTH CARE INC.,12750 NW 17TH ST UNIT 111,Miami,FL,33182
9458,AnatomyPT • Physical Therapy & Orthotics,301 ARTHUR GODFREY RD,Miami Beach,FL,33140
9408,Always Keep Progressing - North Miami Beach - 16800 Nw 2nd Ave,16800 NW 2ND AVE,Miami Gardens,FL,33169
9841,Physical Therapy NOW Miami Lakes,15985 NW 57TH AVE,Miami Lakes,FL,33014
7967,Select Physical Therapy - Miami Lakes,15150 BULL RUN RD,Miami Lakes,FL,33014
6439,KEY FITS SOLUTIONS LLC,3996 AVALON BLVD STE 100-C,Milton,FL,32583
9568,Apollo Rehab Miramar,3400 Lakeside Drive Suite 103,Miramar,FL,33027
6344,Easterseals LEAP Program - Naples,8793 TAMIAMI TRL E STE 111,Naples,FL,34113
7360,FISIOCORP MIAMI LLC,1440 79TH STREET CAUSEWAY,North Bay Village,FL,33141
9426,Physical Therapy Time,1380 NE MIAMI GARDENS DR,North Miami Beach,FL,33179
9309,"Alyssa Frey CranioSacral and Occupational Therapist CST, OT",300 MERCURY RD,North Palm Beach,FL,33408
7653,Challenges Conquered Counseling Services,800 E CYPRESS CREEK RD,Oakland Park,FL,33334
10215,PT Solutions of Oldsmar (formerly Westchase Physical Therapy),3953 TAMPA RD,Oldsmar,FL,34677
8199,Brilliant Brains Behavior Services LLC,3970 TAMPA RD SUITE E,Oldsmar,FL,34677
9173,Small Talk Speech Therapy (Orange Park),1700 WELLS RD STE 18,Orange Park,FL,32073
9794,Department of Communication Sciences and Disorders,3280 Progress Drive Suite 500,Orlando,FL,32826
10249,AMP PEDIATRIC THERAPY,6900 TAVISTOCK LAKES BLVD,Orlando,FL,32827
9256,"Sweet Speech, LLC",OVIEDO,Oviedo,FL,32765
9900,AxisPro Physical Therapy & Hand clinic - Palm Bay,5240 BABCOCK ST NE # 102,Palm Bay,FL,32905
9292,"Little Harbor Therapy, LLC",JUPITER,Palm Beach Gardens,FL,33458
9324,"Holistic Family Occupational Therapy, LLC - Palm Springs",2290 10TH AVE N,Palm Springs,FL,33461
9783,Apollo Rehab Parkland,7635 N STATE RD 7,Parkland,FL,33073
8720,"PEGGY JOYCE HARGROVE
JOYCE LOVE & CARE HOME",3304 SAN MOISE PL,Plant City,FL,33567
10229,Wolfson Children's Rehabilitation - HealthPlace at Nocatee,400 Colonnade Drive Suite 110,Ponte Vedra,FL,32081
9664,MaternalFit Pelvic Physical Therapy,3930 S Nova Road Suite 205,Port Orange,FL,32127
9949,CORA Physical Therapy St. Lucie West,1707 ST LUCIE W BLVD,Port St. Lucie,FL,34986
7331,Select Physical Therapy - Port St Lucie,156 NW CALIFORNIA BLVD,Port St. Lucie,FL,34986
9680,Action Physical Therapy,1680 ST LUCIE W BLVD,Port St. Lucie,FL,34986
10078,North Florida Therapy Services,860 Strong Road,Quincy,FL,32351
9509,Rejuvenate Physical Therapy,1803 BRIAR CREEK BLVD,Safety Harbor,FL,34695
9670,Mease Countryside Physical Therapy & Sports Rehabilitation,3251 MCMULLEN BOOTH RD STE 200,Safety Harbor,FL,34695
9797,3 C's Therapy Center,4019 W 1ST ST,Sanford,FL,32771
7314,Select Physical Therapy - Sebastian,1424 U.S. RTE 1 SUITE B,Sebastian,FL,32958
9517,Longevity Rehab Center - Sebastian,13000 U.S. RTE 1 STE 7,Sebastian,FL,32958
9235,FSU School of Communication Science and Disorders,201 W Bloxham St Warren Building,Tallahassee,FL,32306
8475,Children's Learning Clinic,1107 W Call St,Tallahassee,FL,32306
7459,Behavior Management Consultants - 4820 Kerry Forest Pkwy,4820 KERRY FOREST PKWY,Tallahassee,FL,32309
10227,LifeCare Therapy,7777 N UNIVERSITY DR # 101S,Tamarac,FL,33321
9439,Physical Therapy Associates of South Florida,7171 N UNIVERSITY DR,Tamarac,FL,33321
6474,BEBES NURSING CARE LLC,7171 N UNIVERSITY DR STE 205,Tamarac,FL,33321
7661,Select Physical Therapy - Tamarac,7160 N UNIVERSITY DR,Tamarac,FL,33321
5835,"Quest, Inc. Training Center & Tampa Corporate Office",3910 US-301,Tampa,FL,33619
8689,MERCED CARE HOME LLC,4701 N HABANA AVE,Tampa,FL,33614
9962,Pelvic Solutions,307 S BOULEVARD B,Tampa,FL,33606
6267,DGAN LLC,6802 LAKEVIEW CENTER DR STE 500,Tampa,FL,33619
5808,Quest Kids Therapy - Tampa - 3910 Us-301,3910 US-301,Tampa,FL,33619
9254,"Our Speech Garden, LLC.",TAMPA,Tampa,FL,33625
9960,Optimal Performance & PT,1812,Tampa,FL,33606
9307,Spellers Center Tampa - Occupational Therapy for Nonverbal Individuals with Autism/ Apraxia,1816 HEALTH CARE DR,Trinity,FL,34655
10241,Purposeful Play Pediatric Therapy,680 U.S. 41 BYPASS N SUITE 2,Venice,FL,34285
9203,The Learning Experience - West Melbourne,4470 HOLLYWOOD BLVD,West Melbourne,FL,32904
6398,C INDIVIDUALS TRANSITION TO WORK INC.,4949 ALORA ISLES DR APT 1116,West Palm Beach,FL,33417
9662,Paley Orthopedic & Spine Institute,KIMMEL 901,West Palm Beach,FL,33407
8632,ABLE LIFE CARE SERVICES,4728 ALORA ISLES DR APT 7211,West Palm Beach,FL,33417
9059,"MILESTONES OF EXCELLENCE, LLC",2013 PINE PL APT 112,Winter Haven,FL,33881
6284,"THE ARC NASSAU, INC.",86051 HAMILTON STREET,Yulee,FL,32097