site,city,n,ids,names
adventhealth.com,ORLANDO,14,6647 | 6727 | 7196 | 8200 | 9829 | 9920 | 9923 | 9924 | 9929 | 9985 | 9995 | 10156 | 10604 | 10605,"AdventHealth Pediatric Rehab East Orlando || AdventHealth Sports Med & Rehab East Orlando || AdventHealth Sports Med & Rehab Pediatrics Mills Park || AdventHealth for Children || AdventHealth Sports Med & Rehab Lake Nona || AdventHealth Sports Med & Rehab Dr. Phillips || AdventHealth Sports Med and Rehab Training Center || AdventHealth Sports Med & Rehab Waterford Lakes || AdventHealth Sports Med and Rehab Orlando Sportsplex || AdventHealth Sports Med & Rehab Orlando (SODO) || AdventHealth Sports Med and Rehab Pediatrics Mills Park || AdventHealth Pelvic Health Rehab || AdventHealth Medical Group Pediatric Neuropsychology - Dr. Stephanie Jerome - Princeton St., Orlando || AdventHealth Medical Group Pediatric Neuropsychology - Dr. Stephanie Jerome - Orange Ave., Orlando"
h2health.com,JACKSONVILLE,12,7209 | 10087 | 10088 | 10089 | 10093 | 10100 | 10101 | 10104 | 10105 | 10239 | 10253 | 10293,"Great Strides Rehabilitation- Southpoint (Arlington) - 6871 Belfort Oaks Pl || H2 Health- Jacksonville Beaches, FL || H2 Health- Avenues Jacksonville, FL || H2 Health- Mandarin Jacksonville, FL || H2 Health- Ortega Jacksonville, FL || H2 Health- Arlington Jacksonville, FL || H2 Health- Northside Jacksonville, FL || H2 Health- Riverside Jacksonville, FL || H2 Health || H2 Health- Westside Jacksonville, FL || Great Strides Pediatric Rehabilitation- Bartram Park, FL || Great Strides Rehabilitation - 12276 San Jose Blvd"
ptsolutions.com,TAMPA,9,10067 | 10068 | 10069 | 10070 | 10076 | 10203 | 10204 | 10207 | 10270,PT Solutions of Brandon || PT Solutions of Tampa Palms || PT Solutions of Citrus Park || PT Solutions of Carrollwood || PT Solutions of Town 'n' Country || PT Solutions of Race Track Road (formerly Westchase Physical Therapy) || PT Solutions of North Westchase || PT Solutions of Carrollwood South || PT Solutions of South Tampa
watsonclinic.com,LAKELAND,8,9108 | 9855 | 9964 | 9965 | 9990 | 9991 | 9992 | 9993,"Robert Dean Johnson, OT, CHT - 1430 Lakeland Hills Blvd || Watson Clinic Physical Therapy & Sports Medicine || Watson Clinic Highlands || Watson Clinic Center for Specialized Rehabilitation || Jennifer L. Patterson, PT, DPT, OCS, MTC, CCI - 1430 Lakeland Hills Blvd || Dalton Lewis, PT, DPT || Robin Martinez, PT, DPT - 1430 Lakeland Hills Blvd || Watson Clinic Center for Rehabilitative Medicine - 1430 Lakeland Hills Blvd"
ufhealth.org,GAINESVILLE,6,5855 | 6039 | 7041 | 7122 | 7134 | 9180,UF Health Early Developmental Assessment Clinic || UF Health Psychology Specialties || UF Health Child Psychiatry - Springhill || UF Health Rehab Center for Kids - Magnolia Parke || UF Health Occupational Therapy Equal Access Clinic || UF Health Rehab Center for Autism and Neurodevelopment - 4101 Nw 89 Blvd
brooksrehab.org,JACKSONVILLE,5,6926 | 7428 | 10092 | 10095 | 10102,Brooks Rehabilitation Aphasia Center || Brooks Rehabilitation Hospital - University Campus || Brooks Rehabilitation Outpatient Clinic - San Pablo || Brooks Rehabilitation Outpatient Clinic - Ortega || Brooks Rehabilitation Outpatient Clinic - Northside
wolfsonchildrens.com,JACKSONVILLE,5,7535 | 9100 | 9261 | 10001 | 10090,Wolfson Children's Hospital || Wolfson Children's Rehabilitation - Drew Bradbury Center || Wolfson Children's Behavioral Health - Southbank - 1650 Prudential Dr || Wolfson Children's Rehabilitation - Southbank Plaza - 1650 Prudential Dr || Wolfson Children's Rehabilitation - Baptist Medical Center South
hopkinsmedicine.org,TAMPA,4,10143 | 10211 | 10283 | 10285,"Speech-Language and Feeding Services at Johns Hopkins All Children's Outpatient Care, Tampa - 12220 Bruce B Downs Blvd || Johns Hopkins All Children's Outpatient Care, Tampa || Occupational Therapy at Johns Hopkins All Children's Outpatient Care, Tampa - 12220 Bruce B Downs Blvd || Pediatric Physical Therapy at Johns Hopkins All Children's Outpatient Care, Tampa - 12220 Bruce B Downs Blvd"
lifestance.com,ORLANDO,4,10647 | 10648 | 10649 | 10650,LifeStance Health - Orlando (Lake Underhill) || LifeStance Health - Orlando (Robinson) || LifeStance Health - Orlando (New Broad) || LifeStance Health - Orlando (Lake Nona)
azultherapyservices.com,MIAMI,3,7243 | 10154 | 10310,Azul Therapy Services Inc. - 2140 W || Azul Therapy Services Inc. - 2140 W Flagler St || Azul Therapy Services - West Kendall - 13500 Sw 88th St
baycare.org,TAMPA,3,9701 | 10210 | 10216,St. Joseph’s Hospital Physical Therapy and Sports Rehabilitation (South Tampa) || St. Joseph's Children's Pediatric Rehabilitation Services || St. Joseph's Outpatient Rehabilitation Center
h2health.com,MELBOURNE,3,10023 | 10027 | 10134,Beachside Physical Therapy - Melbourne || Beachside Physical Therapy - Indian Harbour Beach || Beachside Physical Therapy - Downtown Melbourne
h2health.com,TAMPA,3,10063 | 10201 | 10218,Back To Work Physical Therapy - Carrollwood || Back To Work Physical Therapy - South Tampa || Back To Work Physical Therapy - Westchase - 10960 Sheldon Rd
ptsolutions.com,SPRING HILL,3,10034 | 10139 | 10142,PT Solutions of Hernando Beach || PT Solutions of Mariner Square || PT Solutions of Spring Hill
ufhealthjax.org,JACKSONVILLE,3,7107 | 8806 | 10231,UF Health Center for Autism and Related Disabilities - Dupont Station || Jacksonville Program for Adults with Intellectual and Developmental Disabilities (PAIDD) || UF Health Rehabilitation - Emerson
abeautifulmindcounseling.com,PORT ST. LUCIE,2,8564 | 8867,A Beautiful Mind Counseling and Consulting - Port Saint Lucie || A Beautiful Mind Counseling and Consulting - Port St. Lucie
adventhealth.com,WINTER PARK,2,9984 | 10606,AdventHealth Sports Med & Rehab Winter Park || AdventHealth Medical Group Pediatric Psychology - Dr. Chloe Barry - Winter Park
bassautism.com,GAINESVILLE,2,9169 | 9171,BASS ABA Therapy - Gainesville East - 1000 Ne 16th Ave || BASS ABA Therapy - Gainesville West - 2035 Sw 75th St B
baycare.org,CLEARWATER,2,5861 | 10267,BayCare Kids Specialty Center- Mease Countryside || Barrett Outpatient Rehabilitation & Sports Medicine Center
bcckids.org,POMPANO BEACH,2,5884 | 9434,BROWARD CHILDRENS CENTER || Broward Children's Center Therapy
behaviorbasicsinc.com,PORT ST. LUCIE,2,6904 | 10660,Behavior Basics Incorporated || Behavior Basics Inc. - Port St. Lucie
behaviorbasicsinc.com,MELBOURNE,2,9786 | 10659,"Behavior Basics, Inc., Brevard Office || Behavior Basics Inc."
childrenscommunication.com,TALLAHASSEE,2,6835 | 9365,"Children's Communication Center, Inc. || Lori Savage Grayson, MMSc, CCC-SLP - Pediatric Speech-Language Pathologist"
childrensdiagnostic.org,FORT LAUDERDALE,2,6499 | 8572,Children's Diagnostic & Treatment Center || Early Steps at CDTC - 1401 Federal Hwy
clawsonspeechtherapy.com,PORT ST. LUCIE,2,7338 | 9249,Clawson Speech Therapy - Port St. Lucie || Clawson Speech Therapy - Port Saint Lucie
commdisorders.cci.fsu.edu,TALLAHASSEE,2,6938 | 9235,FSU Speech and Hearing Clinic || FSU School of Communication Science and Disorders
compassionbehavioralhealth.com,HOLLYWOOD,2,7439 | 7476,"Compassion Behavioral Health -Addiction Treatment Center- || Compassion Behavioral Health -Mental Health Treatment Hollywood, FL"
drtrippandassociates.com,PORT ST. LUCIE,2,8589 | 8905,Dr. Tripp & Associates - Port Saint Lucie || Dr. Tripp & Associates - Port St. Lucie
equanimitytherapy.com,HOLLYWOOD,2,9263 | 9264,Equanimity Behavioral Services - Hollywood - 701 Promenade Dr || Equanimity Behavioral Services - Hollywood - 1800 N Douglas Rd
firstwordsproject.com,TALLAHASSEE,2,7141 | 8596,FIRST WORDS Project - Tallahassee || FIRST WORDS Project - Bldg. A
florida.easterseals.com,WINTER PARK,2,7180 | 10673,Easterseals Day Break at the Miller Center - Winter Park || Easterseals Florida - Winter Park
fyzical.com,GAINESVILLE,2,7212 | 10138,FYZICAL Therapy & Balance Centers - Gainesville || FYZICAL Therapy & Balance Centers - Gainesville Oaks
fyzical.com,JACKSONVILLE,2,10086 | 10094,FYZICAL Therapy & Balance Centers - Jacksonville East || FYZICAL Therapy & Balance Centers - Mandarin
fyzical.com,LARGO,2,10179 | 10279,FYZICAL Therapy & Balance Centers - Largo East || FYZICAL Therapy & Balance Centers - Largo
fyzical.com,STUART,2,10192 | 10193,FYZICAL Therapy & Balance Centers - Stuart - 4287 Se Federal Hwy || FYZICAL Therapy & Balance Centers - Stuart - 1609 Nw Federal Hwy
gulfshorebh.com,FORT MYERS,2,5791 | 8597,"Gulfshore Behavioral Health || Leslie Danner, EdS, LSP - 1555 Matthew Dr"
healthpropediatrics.com,TAMPA,2,10219 | 10326,HealthPRO Pediatrics North Tampa || HealthPRO Pediatrics South Tampa
hopefultherapies.com,LAKELAND,2,9048 | 9999,Neurodevelopmental Center for Children || Hopeful Therapies
hopkinsmedicine.org,ST. PETERSBURG,2,10183 | 10287,Johns Hopkins All Children’s Rehabilitation Center || Pediatric Physical Therapy at Johns Hopkins All Children's Rehabilitation Center - 603 7th St S
hopkinsmedicine.org,NEW PORT RICHEY,2,10186 | 10258,"Johns Hopkins All Children's Outpatient Care, Pasco || Speech and Feeding Therapy Services at Johns Hopkins All Children's Outpatient Care, Pasco"
hopkinsmedicine.org,BRANDON,2,10284 | 10413,"Pediatric Physical Therapy at Johns Hopkins All Children's Outpatient Care, Brandon - 885 S Parsons Ave || Occupational Therapy at Johns Hopkins All Children's Outpatient Care, Brandon"
horizonspediatriccenter.com,LAKELAND,2,6593 | 10161,Horizons Pediatric Center PPEC - Lakeland || Horizons Pediatric Center PPEC - B2
imindmental.com,PORT ST. LUCIE,2,6027 | 8812,iMind Mental Health Solutions - Port Saint Lucie || iMind Mental Health Solutions - Port St. Lucie
impacttlh.org,TALLAHASSEE,2,7375 | 10302,IMPACT Therapy - 1725 Hermitage Blvd || IMPACT Academy of Tallahassee
inbloomautism.com,JACKSONVILLE,2,8506 | 8595,InBloom Autism Services | Southpoint Jacksonville || InBloom Autism Services | Bartram Jacksonville
krisparkerandassociates.com,PORT ST. LUCIE,2,6775 | 8599,Kris Parker and Associates - Port St. Lucie || Kris Parker and Associates - Port Saint Lucie
learningstepscenter.com,PORT ST. LUCIE,2,6801 | 8600,"Learning Steps Diagnostics and Educational Center, LLC - Port St. Lucie || Learning Steps Diagnostics and Educational Center, LLC - Port Saint Lucie"
littleteslapediatrics.com,ORLANDO,2,5760 | 5781,Little Tesla Pediatric Therapy - 6000 Turkey Lake Rd || Little Tesla Pediatric Therapy - 7075 Kingspointe Pkwy
mykidtherapycenter.com,MIAMI,2,7069 | 9284,My Kid Therapy Center - ABA Therapy || My Kid Therapy Center
needsctr.org,ORANGE PARK,2,7674 | 9078,The NEEDS Center - 175 Industrial Loop S || NEEDS Center (North East Educational & Developmental Support Center)
novemberandassociatestherapy.com,PORT ST. LUCIE,2,6807 | 10410,November & Associates Therapy Center - Port St. Lucie || November & Associates Therapy Center - Port Saint Lucie
provitaspeech.com,PORT ST. LUCIE,2,8883 | 9170,Provita Speech Therapy Port St Lucie - Port St. Lucie || Provita Speech Therapy Port St Lucie - Port Saint Lucie
ptsolutions.com,LAKELAND,2,6976 | 7179,PT Solutions of Lakeland || PT Solutions of Lakeland - Christina Lake
ptsolutions.com,PALM HARBOR,2,10177 | 10184,PT Solutions of Tampa Road || PT Solutions of East Lake
questinc.org,TAMPA,2,5808 | 5835,"Quest Kids Therapy - Tampa - 3910 Us-301 || Quest, Inc. Training Center & Tampa Corporate Office"
re-writtencounseling.com,PORT ST. LUCIE,2,7126 | 7286,"Re-Written Counseling Services, LLC - Port St. Lucie || Re-Written Counseling Services, LLC - Port Saint Lucie"
risecounselingtc.com,PORT ST. LUCIE,2,8510 | 9043,Rise Counseling Treasure Coast - Port Saint Lucie || Rise Counseling Treasure Coast - Port St. Lucie
speak2metherapy.com,FORT LAUDERDALE,2,7415 | 9364,The Therapy Hive - Fort Lauderdale || The Therapy Hive - Ft Lauderdale
sunrisegroup.org,MIAMI,2,6329 | 10684,"SUNRISE COMMUNITY, INC || Sunrise Community, Inc. - Miami 162nd Avenue"
sunshinetherapies.org,PORT ST. LUCIE,2,6592 | 9403,"Sunshine Therapies, LLC - Port St. Lucie || Sunshine Therapies, LLC - Port Saint Lucie"
talkactiveclinic.com,ORLANDO,2,6524 | 9406,Talk Active Speech & Occupational - Florida Mall || Talk Active Speech & Occupational - Metrowest
thriveworks.com,JACKSONVILLE,2,6540 | 8488,Thriveworks Counseling & Psychiatry - Jacksonville - 4070 Herschel St || Thriveworks Counseling & Psychiatry - Jacksonville - 4243 Sunbeam Rd
tlcpediatrictherapy.com,ORLANDO,2,7257 | 9928,TLC Pediatric Therapies - 6000 Rio Grande Ave || TLC Pediatric Therapies - 4705 S Apopka Vineland Rd
travelinglightcounseling.com,PORT ST. LUCIE,2,6854 | 8520,Traveling Light Counseling Inc - Port St. Lucie || Traveling Light Counseling Inc - Port Saint Lucie
wolfsonchildrens.com,FLEMING ISLAND,2,10004 | 10235,Wolfson Children's Specialty Center - Baptist Clay || Wolfson Children's Rehabilitation - Wolfson Children’s Specialty Center - Baptist Clay
www-healthpro-heritage-com.sandbox.hs-sites.com,LAKELAND,2,10331 | 10332,HealthPRO Pediatrics Lakeland - 1818 Harden Blvd || HealthPRO Pediatrics Lakeland - 4222 Florida Ave South
