id,name,city,website
5818,AutismABATherapy - Fort Myers,Fort Myers,https://autismabatherapy.com/
6583,Child Advancement Center - Dania Beach,Dania Beach,http://www.4childadvancement.com/
10728,Child Advancement Center - Winter Park,Winter Park,http://www.4childadvancement.com/
6837,Crystal Academy,Coral Gables,https://crystalacademy.org/
7140,Cultivate Behavioral Health & Education - Boca Raton,Boca Raton,https://cultivatebhe.com/locations/florida/boca-raton-fl/
10718,Cultivate Behavioral Health & Education - Boynton Beach,Boynton Beach,https://cultivatebhe.com/locations/florida/boynton-beach-fl/
10719,Cultivate Behavioral Health & Education - Bradenton,Bradenton,https://cultivatebhe.com/locations/florida/bradenton/
10722,Cultivate Behavioral Health & Education - Coral Gables,Coral Gables,https://cultivatebhe.com/locations/florida/coral-gables-fl/
10723,Cultivate Behavioral Health & Education - Cutler Bay,Cutler Bay,https://cultivatebhe.com/locations/florida/cutler-bay/
10724,Cultivate Behavioral Health & Education - Kendale Lakes,Kendale Lakes,https://cultivatebhe.com/locations/florida/kendale-lakes/
10725,Cultivate Behavioral Health & Education - Kendall,Kendall,https://cultivatebhe.com/locations/florida/kendall/
9166,Cultivate Behavioral Health & Education - Orange Park,Orange Park,https://cultivatebhe.com/locations/florida/orange-park/
10726,Cultivate Behavioral Health & Education - Palm Beach,Palm Beach,https://cultivatebhe.com/locations/florida/palm-beach-fl/
10721,Cultivate Behavioral Health & Education - Sebastian,Sebastian,https://cultivatebhe.com/locations/florida/sebastian-fl/
10720,Cultivate Behavioral Health & Education - Sunrise,Sunrise,https://cultivatebhe.com/locations/florida/sunrise/
10727,Cultivate Behavioral Health & Education - Vero Beach,Vero Beach,https://cultivatebhe.com/locations/florida/vero-beach/
5840,Cultivate Behavioral Health & Education - Yulee,Yulee,https://cultivatebhe.com/locations/florida/yulee/
7501,"Florida Family Support, LLC",Coconut Creek,http://www.flfamilysupport.com/
7202,Little Dreamers PPEC,Hollywood,http://littledreamersppec.com/
6927,Select Physical Therapy - Aventura,Miami,https://www.selectphysicaltherapy.com/contact/find-a-location/fl/aventura/aventura/?ty=xt
7579,Select Physical Therapy - Baymeadows - Southside,Jacksonville,https://www.selectphysicaltherapy.com/contact/find-a-location/fl/jacksonville/baymeadows-southside/?ty=xt
8515,Select Physical Therapy - Cape Coral,Cape Coral,https://www.selectphysicaltherapy.com/contact/find-a-location/fl/cape-coral/cape-coral/?ty=xt
7942,Select Physical Therapy - Cay West,Cape Coral,https://www.selectphysicaltherapy.com/contact/find-a-location/fl/cape-coral/cay-west/?ty=xt
8395,Select Physical Therapy - Clearwater,Clearwater,https://www.selectphysicaltherapy.com/contact/find-a-location/fl/clearwater/clearwater/?ty=xt
8425,Select Physical Therapy - Clearwater East,Clearwater,https://www.selectphysicaltherapy.com/contact/find-a-location/fl/clearwater/clearwater-east/?ty=xt
6902,Select Physical Therapy - Coconut Grove,Miami,https://www.selectphysicaltherapy.com/contact/find-a-location/fl/miami/coconut-grove/?ty=xt
7584,Select Physical Therapy - Coral Springs - The Walk,Coral Springs,https://www.selectphysicaltherapy.com/contact/find-a-location/fl/coral-springs/coral-springs-the-walk/?ty=xt
7600,Select Physical Therapy - Coral Springs Sample Road,Coral Springs,https://www.selectphysicaltherapy.com/contact/find-a-location/fl/coral-springs/coral-springs-sample-road/?ty=xt
6874,Select Physical Therapy - Doral,Medley,https://www.selectphysicaltherapy.com/contact/find-a-location/fl/miami/doral/?ty=xt
8498,Select Physical Therapy - Downtown,Fort Lauderdale,https://www.selectphysicaltherapy.com/contact/find-a-location/fl/fort-lauderdale/downtown/?ty=xt
7669,Select Physical Therapy - East Fort Lauderdale,Fort Lauderdale,https://www.selectphysicaltherapy.com/contact/find-a-location/fl/fort-lauderdale/east-fort-lauderdale/?ty=xt
7620,Select Physical Therapy - East Pembroke Pines,Hollywood,https://www.selectphysicaltherapy.com/contact/find-a-location/fl/pembroke-pines/east-pembroke-pines/?ty=xt
7623,Select Physical Therapy - Hallandale Beach,Hallandale Beach,https://www.selectphysicaltherapy.com/contact/find-a-location/fl/hallandale-beach/hallandale-beach/?ty=xt
7672,Select Physical Therapy - Hollywood,Hollywood,https://www.selectphysicaltherapy.com/contact/find-a-location/fl/hollywood/hollywood/?ty=xt
8487,Select Physical Therapy - Jacksonville Beach,Jacksonville Beach,https://www.selectphysicaltherapy.com/contact/find-a-location/fl/jacksonville-beach/jacksonville-beach/?ty=xt
7965,Select Physical Therapy - Kendall - Miami,Miami,https://www.selectphysicaltherapy.com/contact/find-a-location/fl/miami/kendall-miami/?ty=xt
8532,Select Physical Therapy - Lake Nona,Orlando,https://www.selectphysicaltherapy.com/contact/find-a-location/fl/orlando/lake-nona/?ty=xt
8482,Select Physical Therapy - Lakeland East,Lakeland,https://www.selectphysicaltherapy.com/contact/find-a-location/fl/lakeland/lakeland-east/?ty=xt
7519,Select Physical Therapy - Lakeland North,Lakeland,https://www.selectphysicaltherapy.com/contact/find-a-location/fl/lakeland/lakeland-north/?ty=xt
7512,Select Physical Therapy - Lakeland South,Lakeland,https://www.selectphysicaltherapy.com/contact/find-a-location/fl/lakeland/lakeland-south/?ty=xt
8423,Select Physical Therapy - Largo,Largo,https://www.selectphysicaltherapy.com/contact/find-a-location/fl/largo/largo/?ty=xt
6871,Select Physical Therapy - Miami Beach,Miami Beach,https://www.selectphysicaltherapy.com/contact/find-a-location/fl/miami-beach/miami-beach/?ty=xt
7967,Select Physical Therapy - Miami Lakes,Miami Lakes,https://www.selectphysicaltherapy.com/contact/find-a-location/fl/miami-lakes/miami-lakes/?ty=xt
8438,Select Physical Therapy - Miramar,Miramar,https://www.selectphysicaltherapy.com/contact/find-a-location/fl/miramar/miramar/?ty=xt
7432,Select Physical Therapy - New Tampa,Tampa,https://www.selectphysicaltherapy.com/contact/find-a-location/fl/tampa/new-tampa/?ty=xt
8006,Select Physical Therapy - North Miami,North Miami,https://www.selectphysicaltherapy.com/contact/find-a-location/fl/north-miami/north-miami/?ty=xt
7200,Select Physical Therapy - North Palm Beach,Palm Beach Gardens,https://www.selectphysicaltherapy.com/contact/find-a-location/fl/palm-beach-gardens/north-palm-beach/?ty=xt
7377,Select Physical Therapy - Northdale,Tampa,https://www.selectphysicaltherapy.com/contact/find-a-location/fl/tampa/northdale/?ty=xt
7569,Select Physical Therapy - Northside,Jacksonville,https://www.selectphysicaltherapy.com/contact/find-a-location/fl/jacksonville/northside/?ty=xt
8245,Select Physical Therapy - Orlando - Michigan,Orlando,https://www.selectphysicaltherapy.com/contact/find-a-location/fl/orlando/orlando-michigan/?ty=xt
7105,Select Physical Therapy - Ormond Beach,Ormond Beach,https://www.selectphysicaltherapy.com/contact/find-a-location/fl/ormond-beach/ormond-beach/?ty=xt
8431,Select Physical Therapy - Palm Harbor,Palm Harbor,https://www.selectphysicaltherapy.com/contact/find-a-location/fl/palm-harbor/palm-harbor/?ty=xt
8545,Select Physical Therapy - Plant City East,Plant City,https://www.selectphysicaltherapy.com/contact/find-a-location/fl/plant-city/plant-city-east/?ty=xt
8466,Select Physical Therapy - Plant City West,Plant City,https://www.selectphysicaltherapy.com/contact/find-a-location/fl/plant-city/plant-city-west/?ty=xt
7331,Select Physical Therapy - Port St Lucie,Port St. Lucie,https://www.selectphysicaltherapy.com/contact/find-a-location/fl/port-st-lucie/port-st-lucie/?ty=xt
7219,Select Physical Therapy - Royal Palm Beach,Royal Palm Beach,https://www.selectphysicaltherapy.com/contact/find-a-location/fl/royal-palm-beach/royal-palm-beach/?ty=xt
7314,Select Physical Therapy - Sebastian,Sebastian,https://www.selectphysicaltherapy.com/contact/find-a-location/fl/sebastian/sebastian/?ty=xt
8546,Select Physical Therapy - South Dale Mabry,Tampa,https://www.selectphysicaltherapy.com/contact/find-a-location/fl/tampa/south-dale-mabry/?ty=xt
7374,Select Physical Therapy - South Tampa,Tampa,https://www.selectphysicaltherapy.com/contact/find-a-location/fl/tampa/south-tampa/?ty=xt
8100,Select Physical Therapy - Spring Hill,Spring Hill,https://www.selectphysicaltherapy.com/contact/find-a-location/fl/spring-hill/spring-hill/?ty=xt
7420,Select Physical Therapy - St Joes,Tampa,https://www.selectphysicaltherapy.com/contact/find-a-location/fl/tampa/st-joes/?ty=xt
7661,Select Physical Therapy - Tamarac,Tamarac,https://www.selectphysicaltherapy.com/contact/find-a-location/fl/tamarac/tamarac/?ty=xt
8467,Select Physical Therapy - Tampa - Himes Avenue,Tampa,https://www.selectphysicaltherapy.com/contact/find-a-location/fl/tampa/tampa-himes-avenue/?ty=xt
8472,Select Physical Therapy - Tampa Carrollwood,Tampa,https://www.selectphysicaltherapy.com/contact/find-a-location/fl/tampa/tampa-carrollwood/?ty=xt
8473,Select Physical Therapy - Tampa Palms,Tampa,https://www.selectphysicaltherapy.com/contact/find-a-location/fl/tampa/tampa-palms/?ty=xt
7427,Select Physical Therapy - Tampa- Fowler Avenue,Tampa,https://www.selectphysicaltherapy.com/contact/find-a-location/fl/tampa/tampa-fowler-avenue/?ty=xt
8208,Select Physical Therapy - Turkey Lake,Orlando,https://www.selectphysicaltherapy.com/contact/find-a-location/fl/orlando/turkey-lake/?ty=xt
8091,Select Physical Therapy - Weeki Wachee,Brooksville,https://www.selectphysicaltherapy.com/contact/find-a-location/fl/weeki-wachee/weeki-wachee/?ty=xt
8359,Select Physical Therapy - West Palm Beach,Palm Springs,https://www.selectphysicaltherapy.com/contact/find-a-location/fl/west-palm-beach/west-palm-beach/?ty=xt
7618,Select Physical Therapy - West Pembroke Pines,Pembroke Pines,https://www.selectphysicaltherapy.com/contact/find-a-location/fl/pembroke-pines/west-pembroke-pines/?ty=xt
8501,Select Physical Therapy - Weston,Weston,https://www.selectphysicaltherapy.com/contact/find-a-location/fl/weston/weston/?ty=xt
8491,Select Physical Therapy - Westside,Jacksonville,https://www.selectphysicaltherapy.com/contact/find-a-location/fl/jacksonville/westside/?ty=xt
7506,Select Physical Therapy - Winter Haven,Winter Haven,https://www.selectphysicaltherapy.com/contact/find-a-location/fl/winter-haven/winter-haven/?ty=xt
8235,Select Physical Therapy - Winter Park,Winter Park,https://www.selectphysicaltherapy.com/contact/find-a-location/fl/winter-park/winter-park/?ty=xt
7211,Success On The Spectrum - Carrollwood,Tampa,https://successonthespectrum.com/location/Carrollwood/
10715,Success On The Spectrum - Clearwater,Clearwater,https://successonthespectrum.com/location/clearwater/