id,name,verdict,services_proposed,autism_relevance,evidence_url,evidence_source_type,evidence_note,suspected_duplicate_id,verified_address,services_inferred,confidence,notes
5764,Aries Physical Therapy - Weston,DELETE,,N,http://ariesphysicaltherapy.com/,PROVIDER_SITE,"Site sells sports rehab, dry needling, performance training only",,,,HIGH,"Own site lists only injury rehabilitation, sports performance training, injury prevention/dry needling, and phone consults. No pediatric department, no children, no developmental or special-needs language anywhere on the homepage; marketing copy targets athletes and post-surgical adults. Contact and About pages are blocked by robots.txt, but the homepage service list is unambiguous. Generic sports/orthopedic PT with no autism or special-needs focus, so it belongs in no table. Site states no street address, so verified_address left empty."
5790,Physical Therapy Services - Miami - 8390 W Flagler St,DELETE,,N,http://www.physicaltherapyforyou.com/,PROVIDER_SITE,"Adult sports, orthopedic and adult neuro rehab only",,,,HIGH,"Own site describes sport rehabilitation, orthopedic PT, and neurological treatment for muscular dystrophy, MS, and Huntington's disease - all adult-onset or adult-managed conditions. No pediatric, developmental delay, early intervention, or autism content. Adult orthopedic/neuro PT clinic with no special-needs pediatric focus, so it belongs in no table. The homepage names only 'Miami, FL' and a phone number; the /contact and /areas-served pages are robots-disallowed, so no street address could be confirmed from the provider's own site and verified_address is empty."
5808,Quest Kids Therapy - Tampa - 3910 Us-301,NEEDS_REVIEW,aba,Y,https://questinc.org/quest-kids-therapy/,PROVIDER_SITE,Quest Kids ABA centers listed only in Orlando and Lake Mary,5835,"3910 N. US Highway 301, Suite 200, Tampa, FL 33619",,MEDIUM,"Duplicate of id 5835: same organization (Quest, Inc.) at the same street address, 3910 N. US Highway 301 Suite 200, Tampa - questinc.org/contact and questkids.org/contact both identify that address as Quest's Tampa Regional Office, not a separate clinic site. Quest Kids Therapy is genuinely an ABA provider for children 15 months to 18 years with autism, Down syndrome and developmental delays, but its own program page lists only two centers, Orlando and Lake Mary; no Tampa clinic is named, and the Tampa page reference is an administrative/training office. Owner decides which record survives; if the Tampa entry is kept, services should be aba."
6027,iMind Mental Health Solutions - Port Saint Lucie,NEEDS_REVIEW,ados-testing|parent-coaching|support-groups,Y,https://imindmental.com/services/,PROVIDER_SITE,Site offers ASD diagnostic evaluations for children plus parenting support group,8812,"145 NW Central Park Plaza, Suite 200, Port St. Lucie, FL 34986",ados-testing,MEDIUM,"Duplicate of id 8812: same organization at the same street address, 145 NW Central Park Plaza Suite 200, confirmed on imindmental.com's own locations list (other sites are Stuart and Vero Beach). Practice is mostly psychiatry, therapy, TMS, Spravato and vagus nerve stimulation - none of which map to a valid service slug - but it does state 'Cognitive & Autism Testing' with ASD diagnostic evaluations for children, plus a 'Strategies for Parenting' clinical support group. ados-testing is marked inferred because the site says ASD diagnostic evaluation without naming the ADOS instrument. If the surviving record is kept in resources, its service list is thin and worth flagging."
6876,Coconut Creek Therapy - 1315 Lyons Rd,DELETE,,N,http://www.coconutcreektherapy.com/,PROVIDER_SITE,Adult manual-therapy PT clinic; no pediatric or developmental services,,"1315 Lyons Road, Coconut Creek, FL 33063",,MEDIUM,"Own site markets back, neck, knee and shoulder pain, plantar fasciitis, scar tissue work and deep tissue laser, plus neuro rehab for stroke, brain injury and cerebral palsy. Owner Todd James is presented as a manual therapist; no pediatric therapist, no children's program, no developmental, sensory or autism content. The cerebral palsy mention is the only special-needs adjacency and is framed within adult neuro rehabilitation, which is not enough to keep it. Note the /services and /about subpages 302-redirect off-domain to clickfunnels.com, so only the homepage is live - the site is partly broken. Orthopedic PT with no autism or special-needs focus, so it belongs in no table."
6972,Brevard Christian Early Intervention Center - 5500 N Cocoa Blvd,MOVE_SCHOOLS,,Y,https://brevardchristianeic.org/staff,PROVIDER_SITE,"Staff listed as Pre-K, kindergarten and elementary teachers by grade",,"5500 N US 1, Cocoa, FL 32927",,MEDIUM,"Own site calls it 'a Non-Profit CHRISTIAN school for children with special needs' and 'an educational facility for children with special needs and developmental disabilities,' explicitly citing autism and learning disabilities. The staff page settles the placement: Pre-K through Kindergarten teacher, an elementary teacher for K through 2nd grade, another elementary teacher, and a life skills teacher - structured instruction organized by grade level, not drop-off childcare. No speech, OT or ABA clinicians are on staff (the founder holds a BCBA but is listed as founder, not as a treating clinician), and no standalone therapy appointments are advertised, so nothing qualifies it for resources and services_proposed is empty. Belongs in schools. Site states 5500 N US 1 (US-1 is N Cocoa Blvd), matching the record. Missing from the site: age range, tuition, and scholarship participation (FES-UA/FTC) - worth collecting before the schools record is finalized."
6982,Core Connections Inc. - 1435 Aurora Rd,KEEP_BACKFILL,aba|life-skills|parent-coaching,Y,http://coreconnectfl.com/,PROVIDER_SITE,"Site states ABA, caregiver support, life skills for autism ages 18mo-18yr",,"1427 Aurora Rd., Melbourne, FL 32935",,HIGH,"Own site explicitly names ABA therapy, caregiver/parent support, life skills training, and teen-to-adult transition services for autism and developmental disabilities; clearly a standalone therapy provider, correctly in resources. ADDRESS DISCREPANCY: homepage and /contact list no street address, but coreconnectfl.com/privacy-policy states 1427 Aurora Rd while this record and ABA Navigator show 1435 Aurora Rd. Site advertises '2 Campus Buildings' in Brevard, so 1427 and 1435 are plausibly the two adjacent campuses - owner should confirm which building this record represents and check whether a sibling record exists for the other. Transition/independent-living content supports life-skills; no speech/OT/PT claimed."
7286,"Re-Written Counseling Services, LLC - Port Saint Lucie",NEEDS_REVIEW,,UNCLEAR,http://www.re-writtencounseling.com/services,PROVIDER_SITE,Counseling-only practice; one service page for families of disabled children,7126,"10570 S US Highway 1, Suite 200, Port St Lucie, FL 34952",,MEDIUM,"CONFIRMED DUPLICATE of id 7126 - same organization name and the same street address (10570 S US Hwy 1, Port St. Lucie) verified on the provider's own contact page; owner must pick one record to survive. Match candidates 6911 (Mind + Body Counseling Institute) and 8941 (Breakthrough Trauma Therapy) are NOT duplicates - both are separate practices with their own independent brands and websites that merely share the same office building; deliberately left out of suspected_duplicate_id. Separately, this record is a red flag for the resources table: the site lists only counseling categories (general mental health, couples, family, Christian, new mothers, women of color) plus one 'Families Of Children With Disabilities' page that carries no description, and there is no ABA, speech, OT, PT, parent coaching, or support group offering. No valid service slug applies, so services_proposed is necessarily empty. If the surviving record cannot be tied to a concrete special-needs service, it is a candidate for deletion as adult/family psychotherapy. Also note the site contradicts itself: a Google Maps embed still points at 2100 SE Hillmoor Drive Suite 205A."
7536,Wolfson Children's Specialty Center - Daytona - 601 N Clyde Morris Blvd,DELETE,,N,https://www.wolfsonchildrens.com/locations/daytona,BOTH,"Location page lists pediatric cardiology only, no therapy or developmental care",,"601 N. Clyde Morris Blvd Suite A, Daytona Beach, FL 32114",,MEDIUM,"Wolfson's own location page for this address lists cardiology as the only specialty offered here, and a third-party local-services listing independently describes it as EKGs, echocardiograms, and outpatient visits for congenital and acquired heart conditions. No PT/OT/speech, no developmental or behavioral health, no autism program at this site - it is a single-specialty pediatric cardiology clinic, which falls under generic medical providers with no autism or special-needs focus. Note this is a location-specific judgment: Wolfson Children's Hospital system-wide does run autism and developmental programs, but those are in Jacksonville, not at 601 N Clyde Morris Blvd. Confidence is MEDIUM only because a large health system can add specialties to a satellite site; if the owner wants to retain a Wolfson presence, the Jacksonville developmental/autism program would be the correct record to add instead."
7587,Aries Physical Therapy - Fort Lauderdale - 1115 E Sunrise Blvd,DELETE,,N,http://ariesphysicaltherapy.com/,BOTH,Adult sports and injury rehab clinic; no pediatric or developmental services,,,,HIGH,"Provider site describes complete injury rehabilitation, sports performance training, injury prevention, and dry needling for 'high performance athletes, corporate professionals, the young and the elderly.' There is no pediatric practice, no early intervention, no developmental or autism content anywhere on the site - this is a sports/orthopedic PT clinic, explicitly a delete category. The site publishes no street address (only 'South Florida'), so verified_address is empty; the 1115 E Sunrise Blvd address is corroborated only by third-party listings, which is acceptable for address but not for services. Not a duplicate of id 7596 - that is a genuinely separate clinic at a different street address."
7596,Aries Physical Therapy - Fort Lauderdale - 6290 N Federal Hwy,DELETE,,N,http://ariesphysicaltherapy.com/,BOTH,"Same adult sports rehab brand; Imperial Point site, no pediatric offering",,,,HIGH,"Second Aries location (marketed as 'Aries Physical Therapy - Imperial Point') corroborated by third-party listings at 6290 N Federal Hwy, Fort Lauderdale 33308. Same corporate site and same offering as id 7587: adult sports performance, post-surgical and injury rehab, dry needling. No pediatric, developmental, or autism services stated anywhere on the provider's own site, so it fails the special-needs relevance test and should be deleted alongside 7587. NOT a duplicate of 7587 despite the shared name and phone number - the two clinics sit at different street addresses, and per the duplicate rule multi-location providers legitimately hold separate records. Provider site lists no street address, hence empty verified_address."
7670,Sunshine Kidz Pediatric Care - Hollywood,NEEDS_REVIEW,,Y,https://floridadaycares.in/day-care/sunshine-kidz-pediatric-care/,THIRD_PARTY,Provider site unreachable; third party calls it specialized childrens daycare,,,,LOW,"PROVIDER SITE UNREACHABLE - sunshinekidzppec.com blocked every fetch attempt (robots.txt connect timeout on /, /locations, /contact-us, /departments), so neither the address nor a service list could be confirmed from the organization itself, and services_proposed is deliberately empty. Strong indication this is MOVE_PPEC: the org's own domain contains 'ppec' and every search-indexed page from that domain carries the title 'Florida's Premier Pediatric Medical Daycare', which is the PPEC model - nursing-supervised medical daycare where the parent drops the child off, not standalone therapy appointments. A third-party daycare directory describes it as a specialized daycare providing speech, physical and occupational therapy for children with various needs, which is acceptable evidence for the model but not for a service list. Owner should open sunshinekidzppec.com/locations in a browser, confirm the 6603 Taft St Hollywood address, and if confirmed move to ppec_centers. Related record 8504 is the Fort Lauderdale site of the same chain and is blocked in the same way; a third-party listing also shows a Sunshine Kidz at 24 NE 1st Ave, Hallandale Beach, so check for further sibling locations."
7674,The NEEDS Center - 175 Industrial Loop S,NEEDS_REVIEW,aba|residential-program|life-skills|mobile-services,Y,https://www.needsctr.org/florida-division/,PROVIDER_SITE,"Site lists home-based ABA for autism, residential and day services",9078,"360 Corporate Way Suite 1, Orange Park, FL 32073",life-skills|mobile-services,HIGH,"Confirmed duplicate of id 9078: same organization (NEEDS Center / North East Educational & Developmental Support Center) at the identical street address 175 Industrial Loop S, Orange Park. Owner must pick one surviving record. Separate issue: the org's own site states its Florida Division office as 360 Corporate Way Suite 1, Orange Park 32073 - NOT 175 Industrial Loop S. Whichever record survives, the address needs verification; 175 Industrial Loop S may be a stale or secondary location. Site confirms mission serving individuals with developmental disabilities: home-based ABA therapy for children with ASD, school consultation for ASD/IDD/ADHD, adult day services (skills-building, recreation, volunteering) and 32 residences. Legitimately belongs in resources. life-skills inferred from the day-services skills-building description; mobile-services inferred from ABA being delivered in-home. No speech, OT or PT offered."
7756,"Therapy with Alyse, LLC - Palm Springs",DELETE,,N,https://therapywithalyse.com/therapy-with-alyse-llc-alyse-mckeal-lcsw-rpt-msw-ma-contact-me/,PROVIDER_SITE,"Solo psychotherapist site, talk and play therapy, no autism mention",,,,MEDIUM,"Site is live. Solo practitioner Alyse McKeal, LCSW/RPT, offering trauma-informed talk therapy, EMDR, IFS, polyvagal, mindfulness, sand tray and play therapy for children, teens and adults. Nothing on the site - homepage, about, or contact - mentions autism, developmental disability, or special needs; no ABA, speech, OT, PT or any other valid directory service. Empty services array is the red flag: this is a generic psychotherapy practice, and there is no service slug for counseling/psychotherapy. Also an address problem - the site names only 'West Palm Beach, Florida' plus Virginia, Massachusetts and telehealth, and never states a street address; the record's 1825 Forest Hill Blvd, Palm Springs is unverifiable from the provider. Delete unless the owner has direct confirmation she treats autistic clients."
8176,"Dr. April Brown, LMHC, CST Relationship, Intimacy, And Sex Therapist - 290 Nicholas Pkwy",DELETE,,N,https://www.draprilbrown.com/,PROVIDER_SITE,"Adults and couples only, relationship and sex therapy, no pediatric work",,"3208 Chiquita Blvd Suite 204, Cape Coral, FL 33914",,HIGH,"Adult-only counseling practice with zero autism or special-needs relevance. Site describes couples therapy, sex therapy, Gottman Method, EMDR, spiritual and family counseling, anxiety/depression, ESA letters and sex offender treatment, and explicitly states she works with 'adults and couples.' No children's services. No valid directory service slug applies. Address on the record (290 Nicholas Pkwy) does not match either address the site publishes: Cape Coral at 3208 Chiquita Blvd Suite 204, and Sarasota at 1487 2nd Street Suite C-4. Falls squarely under adult-only counseling/psychotherapy with no autism focus - remove from the directory."
8356,BTTC West Palm Beach Rehab - 5829 Corporate Way,DELETE,,N,https://bettertomorrowtc.com/,PROVIDER_SITE,"Adult drug and alcohol rehab, PHP and IOP, no pediatric programs",,"901 Northpoint Parkway, Suite 400, West Palm Beach, FL 33407",,HIGH,"Better Tomorrow Treatment Center is an adult substance-use and co-occurring mental health facility - PHP, IOP and outpatient for opioid, meth, cocaine and alcohol addiction, plus trauma-focused and group counseling. No autism, developmental disability or special-needs content anywhere on the site, and no pediatric or adolescent track. Group therapy here is addiction-recovery group work, not an autism service, so no slug should be assigned. Address also wrong: the site publishes 901 Northpoint Parkway Suite 400, not 5829 Corporate Way. Adult rehab with no autism relevance - belongs in no table."
8382,Catalyst Physical Therapy - Palm Harbor,DELETE,,N,https://catalystpt.org/about-us/palm-harbor-location/,PROVIDER_SITE,"Adult orthopedic and sports PT clinic, no pediatric or developmental care",,"32672 US Hwy 19 N, Palm Harbor, FL 34684",,HIGH,"Record address is correct and confirmed on the provider's own location page. However this is an adult orthopedic/sports PT and diagnostics practice, not a pediatric one. The services page lists manual therapy, myofascial release, joint mobilization, manipulation, kinesio taping, cupping, dry needling, neural mobilization, trigger point, hand therapy, proprioception and therapeutic exercise, plus EMG/NCS and MSK ultrasound. Conditions treated are arthritis, back/sciatica, chronic pain, fibromyalgia, neck pain, TMJ, vestibular, sports/work/auto injuries, pre- and post-surgical rehab and Parkinson's. Nothing pediatric, developmental, or autism-related anywhere on the site - this is not a pediatric PT clinic that merely omits the word 'autism.' Meets the sports/orthopedic PT exclusion; remove."
8432,Aries Physical Therapy - Hollywood,DELETE,,N,https://ariesphysicaltherapy.com/,BOTH,"Sports performance and injury rehab clinic, no pediatric or autism services",,,,MEDIUM,"Homepage loads and positions the practice around injury rehabilitation, sports performance training (power, speed, agility, conditioning), injury prevention and dry needling for athletes, corporate professionals, and the site's own phrasing 'the young and the elderly.' No pediatric program, no developmental or neurological rehab, no autism or special-needs mention on any reachable page. The /contact-us/ page is blocked by robots.txt so the street address could not be confirmed from the provider directly; third-party listings do place an Aries location at 3313 Sheridan St, Hollywood, which supports the record's address but cannot support a service list. Confidence is MEDIUM only on the address, HIGH on the lack of autism relevance. Sports/orthopedic PT with no special-needs focus - delete."
8484,Beachway Therapy Center | Florida Rehab - 1700 N Dixie Hwy,DELETE,,N,https://www.beachway.com/,PROVIDER_SITE,Adult addiction and mental health rehab; no pediatric or autism programming,,"1700 N Dixie Hwy, West Palm Beach, FL 33407",,HIGH,"Own site describes detox, residential, PHP/IOP and dual-diagnosis treatment for substance use, operating since 2008. Content is exclusively adult-facing; no mention of children, autism, developmental disability, ABA, speech, OT or PT. The residential-program slug does NOT apply here - it is adult addiction rehab, not a developmental-disability residential program. Belongs in no table under the placement rules (adult rehab with no special-needs focus). Address on site matches the record address."
8499,Stretch Zone - Pembroke Pines,DELETE,,N,https://www.stretchzone.com/locations/pembroke-pines,PROVIDER_SITE,"Assisted-stretching wellness franchise, no clinical or pediatric services",,"14826 Pines Blvd, Pembroke Pines, FL 33028",,HIGH,"Location page sells practitioner-assisted stretching sessions and a FlexPoints membership rewards program. No licensed physical therapy, no pediatric program, no autism or special-needs mention anywhere on the location page. This is a consumer wellness franchise, explicitly named in the belongs-nowhere rule. Do not tag physical-therapy - assisted stretching is not licensed PT. Consistent with the pilot batch, where Stretch Zone - Lakeland (id 8481) was also deleted; check for further Stretch Zone records across the table."
8504,Sunshine Kidz Pediatric Care - Ft Lauderdale,NEEDS_REVIEW,,Y,,THIRD_PARTY,Provider site unreachable; indexed page titles say pediatric medical daycare,,,,LOW,"PROVIDER SITE UNREACHABLE - sunshinekidzppec.com blocked every fetch attempt (robots.txt connect timeout on /, /locations, /contact-us, /departments) and the WE CARE Broward listing was likewise unfetchable, so no URL was confirmed loaded, evidence_url is empty, and neither the 2122 W Cypress Creek Rd address nor a service list could be verified. Search-indexed titles from their own domain read 'Florida's Premier Pediatric Medical Daycare' and the domain itself contains 'ppec', and the org runs multiple Broward sites. Strong indication this is MOVE_PPEC - a Prescribed Pediatric Extended Care center with nursing for medically complex children, which does not belong in resources - but flagged NEEDS_REVIEW because the site could not be loaded. Owner should open the site manually and, if confirmed, move this and sibling record 7670 (Hollywood) to ppec_centers together."
8510,Rise Counseling Treasure Coast - Port Saint Lucie,NEEDS_REVIEW,,UNCLEAR,https://risecounselingtc.com/,PROVIDER_SITE,Counseling-only practice; site lists a different street address than record,9043,"6666 S US Hwy 1, Port St. Lucie, FL 34952",,HIGH,"Confirmed duplicate of id 9043 - same organization, same record street address (1680 SE Lyngate Dr), name differs only by 'Port Saint Lucie' vs 'Port St. Lucie'. Owner must pick which record survives. Two further problems to resolve at the same time: (1) the practice's own site and contact page both state 6666 S US Hwy 1, Port St. Lucie - 1680 SE Lyngate Dr appears nowhere on their site, so the address on BOTH records is likely stale and needs correcting on whichever survives; (2) the site lists only individual, couples, family, adolescent and child counseling plus EMDR, with no autism, special-needs, ABA, speech or OT content. There is no valid service slug for psychotherapy, so the surviving record would sit in resources with an empty services array - the red flag condition. Recommend the surviving record be re-evaluated for deletion after dedup unless the owner has offline knowledge of an autism caseload."
8520,Traveling Light Counseling Inc - Port Saint Lucie,NEEDS_REVIEW,,UNCLEAR,https://www.nourividawellness.com/,PROVIDER_SITE,Rebranded to Nourivida Wellness; counseling and nutrition therapy only,6854,"1222 SE Port Saint Lucie Blvd, Port Saint Lucie, FL 34952",,HIGH,"Confirmed duplicate of id 6854 - same organization at the same verified street address, 1222 SE Port St Lucie Blvd. Owner decides which survives. Also note travelinglightcounseling.com now 302-redirects to nourividawellness.com; the site states 'Nourivida Wellness is the new home of Traveling Light Counseling', so the surviving record needs its name and website URL updated to the new brand. Services on their own site are counseling/psychotherapy, nutrition therapy, and integrative care. They reference general 'neurodivergent support' but name no autism-specific program and no ABA, speech, OT or evaluation services. No valid service slug applies, so the surviving record would have an empty services array in resources - re-evaluate for deletion after dedup and after confirming with the practice whether the neurodivergent work includes autistic clients."
8554,Harmony United Psychiatric Care - Clearwater - 611 Druid Rd,DELETE,,N,https://hupcfl.com/locations/clearwater-florida/,PROVIDER_SITE,General psychiatry and medication management chain; no autism content on site,,"611 Druid Rd East, Suite 512, Clearwater, FL 33756",,MEDIUM,"Clearwater location page confirms the record address (611 Druid Rd East Ste 512). Services listed on their own site are psychiatric evaluation, medication management, psychotherapy/counseling, neuropsychological testing, telepsychiatry, TMS, pharmacogenetic testing, and group therapy; they treat children, adolescents and adults, with childhood ADHD and play therapy named. Autism and autism spectrum disorder appear nowhere on the homepage, the Clearwater location page, or in site-restricted search - this is a general multi-site psychiatry chain, matching the belongs-nowhere rule for generic medical providers with no autism or special-needs focus. Left services_proposed empty on that basis; if the owner instead wants to keep it for co-occurring psychiatric care, the only defensible slug from their own site is group-therapy, and ados-testing must NOT be applied (their neuropsych testing is not stated to include ADOS). Same decision applies to sibling record 8555 (Gainesville)."
8555,Harmony United Psychiatric Care - Gainesville - 7135 Nw 11th Pl,DELETE,,N,https://hupcfl.com/locations/gainesville-florida/,PROVIDER_SITE,"Site lists psychiatry, medication management, counseling; no autism content anywhere",,"7135 NW 11th Pl, Suite B, Gainesville, FL 32605",,MEDIUM,"Location page confirms the record address. Service list across the location page and hupcfl.com/services covers psychiatric evaluation, medication management, psychotherapy, neuropsych/neurocognitive testing, TMS, telepsychiatry, group and family therapy. Neither page mentions autism, ASD, ADOS, developmental disability, or ABA; they do treat child/adolescent ADHD but market as general mental health. Generic psychiatry/counseling practice with no autism or special-needs focus and no valid service slug (no slug exists for psychiatry or medication management) - belongs nowhere per the placement rules. If the owner considers general child psychiatry in-scope for the directory, this would flip to KEEP_BACKFILL with an empty services array, which is itself a red flag. Same decision applies to sibling record 8554 (Clearwater)."
8556,SPEECH LANGUAGE PATHOLOGIST - Wellington,NEEDS_REVIEW,,UNCLEAR,https://creativetherapysolutions.org/contact/,PROVIDER_SITE,Record URL now redirects to an unrelated Arizona ABA company,,,,LOW,"Record is unusable as-is: the name is a job title not an organization, and the address field has no street, only 'WELLINGTON'. The stored website creativetherapysolutions.com 302-redirects to creativetherapysolution.com, which is Creative Therapy Solution, an ABA/PEERS provider at 4845 E Thunderbird Rd, Scottsdale AZ - a different, out-of-state organization, not a Florida SLP. The likely intended provider is Creative Therapy Solutions, LLC (creativetherapysolutions.org), a pediatric/adult speech practice whose own contact page states 2168 Jog Road, West Palm Beach/Greenacres FL 33415 - Palm Beach County but NOT Wellington. That site lists speech/language, swallowing-feeding therapy, and AAC (PECS and devices), which would map to speech-therapy|feeding-therapy|aac, but it never mentions autism and no Wellington location exists on it. Owner must confirm the correct entity, real name, and street address before any backfill; services deliberately left empty until identity is settled."
8557,The Arc of Volusia Inc - Holly Hill - 100 Jimmy Huger Cir,NEEDS_REVIEW,life-skills,Y,http://arcvolusia.org/,PROVIDER_SITE,"Own site gives this address as Daytona Beach, matching existing record 7402",7402,"100 Jimmy Huger Circle, Daytona Beach, FL 32117",,HIGH,"Confirmed duplicate of id 7402 'The Arc of Volusia Inc - Daytona Beach' - same organization, same street address (100 Jimmy Huger Cir). The Arc's own site states this location as Daytona Beach FL 32117, so 7402 carries the correct city label and 8557's 'Holly Hill' label is wrong; owner should retain 7402 and drop 8557. Substantively the org is correctly in resources as a support/services organization for intellectual and developmental disabilities (founded 1962, IDD population, disability diagnosed before age 18). Programs stated: Adult Day Training (day-to-day skill development), Workshop and Assembly Services, Supported Employment. Only life-skills maps to a valid slug; supported employment and sheltered workshop have no slug. Site does not name autism explicitly and lists no residential, respite, or therapy programs, so do not tag residential-program or respite-care. Second campus at 1738 Patterson Ave, DeLand is a separate location and would warrant its own record if not already present."
8563,Stephonia Llewellyn - Child/Adolescent Therapist - 7451 Wiles Rd,NEEDS_REVIEW,,UNCLEAR,https://www.medpsych.net/coral-springs/,PROVIDER_SITE,Individual clinician page inside Comprehensive MedPsych Systems group practice,,"7451 Wiles Road, Suite 102-103, Coral Springs, FL 33067",,MEDIUM,"SUSPECTED DUPLICATE, ID UNKNOWN - this is a staff bio page, not an organization. The practice is Comprehensive MedPsych Systems (CMPS); its own Coral Springs office page confirms the exact record address, 7451 Wiles Road, Suite 102-103, Coral Springs FL 33067. Per the individual-clinician rule this record duplicates the practice-level record for CMPS Coral Springs, but no match_id was supplied in duplicate_candidates.csv and no CMPS id could be determined from public sources, so suspected_duplicate_id could not be populated - owner should look up the CMPS Coral Springs id in the resources table and either link or delete this record. Her bio lists trauma, family dysfunction, substance abuse, educational and behavioral issues for ages 6-17 using CBT, play therapy, and narrative therapy - no autism focus and no valid service slug (counseling has none). Note the bio also says she is 'a therapist in Davie', conflicting with the Coral Springs location, and she is not listed on the current Coral Springs staff roster, so she may no longer be at this site. The parent practice does advertise Autism Evaluation on medpsych.net, so a practice-level CMPS record could legitimately carry ados-testing - but this individual record should not be enriched."
8564,A Beautiful Mind Counseling and Consulting - Port Saint Lucie,NEEDS_REVIEW,,N,http://www.abeautifulmindcounseling.com/,PROVIDER_SITE,"Site sells individual, couples, family, and child therapy sessions only",8867,,,MEDIUM,"Confirmed duplicate of id 8867 'A Beautiful Mind Counseling and Consulting - Port St. Lucie' - identical organization name at the identical street address, only the city spelling differs; owner picks the survivor. Clawson Speech Therapy (ids 7338 and 9249) is a DIFFERENT organization sharing 1225 SE Port St Lucie Blvd - Danielle Clawson's own site describes a solo pediatric speech practice (speech sound disorders, childhood apraxia, early intervention, language delays) with no connection to A Beautiful Mind, so it is correctly not flagged here; separately worth the owner's attention that clawsonspeechtherapy.com states the practice stopped accepting new Florida clients Jan 1 2026 because the owner relocated out of state, and that 7338 and 9249 look like duplicates of each other. On the merits, A Beautiful Mind's own site offers only individual, couples, family, and children therapy sessions at $150; no autism, ADHD, developmental disability, ABA, speech, OT, or testing content, and the site states no street address anywhere (contact/about/services pages 404 or are blocked). Empty services array in resources is a red flag - after the duplicate is resolved, the survivor is still a general counseling practice with no autism relevance and is a DELETE candidate."
8572,Early Steps at CDTC - 1401 Federal Hwy,KEEP_BACKFILL,speech-therapy|occupational-therapy|physical-therapy,Y,https://childrensdiagnostic.com/early-steps/,PROVIDER_SITE,"Birth-to-three early intervention listing OT, PT, and speech therapy",,"1401 South Federal Highway, Fort Lauderdale, FL 33316",,HIGH,"Old domain childrensdiagnostic.org redirects to childrensdiagnostic.com; update the website field. Own contact page confirms 1401 South Federal Highway, Fort Lauderdale FL 33316. Early Steps at CDTC is Broward's Part C early intervention program for infants and toddlers birth through 3 with developmental delays or disabilities; the program page explicitly lists occupational, physical, and speech therapy plus audiology, vision, assistive technology, service coordination, and family education, at no cost to families. Correctly placed in resources as an evaluation/early-intervention provider - families access services without enrolling in any childcare program. Autism relevance is Y: Early Steps is the standard referral path for toddlers with suspected autism even though the page does not use the word. Note CDTC is the coordinating entity working with 28+ enrolled agencies, so some therapy is delivered by subcontractors and in natural environments; consider mobile-services only if the owner can confirm home-based delivery, which the site does not state. CDTC's other arms (primary care clinic, pediatric dental, ECHO) are not autism-specific and do not warrant separate records."
8573,Life Developmental Center - Miramar - 6700 Sw 13th St,NEEDS_REVIEW,life-skills,Y,https://www.lifedevelopmentalcenter.org/services,PROVIDER_SITE,"Adult day program teaching academics, life skills, leisure for special needs adults",5828|6515,"6700 SW 13th Street, Pembroke Pines, FL 33023",,HIGH,"Site lists exactly ONE location: 6700 SW 13th St, Pembroke Pines 33023 - so records 8573 (labeled Miramar), 5828 and 6515 (labeled Pembroke Pines) are all the same single site and are genuine duplicates; owner must pick one survivor. Correct city is Pembroke Pines, not Miramar (some search-engine titles say Davie - stale metadata, ignore). Org is an adult day training center for adults with developmental disabilities aging out of school-based services. Programs stated: Education (core academics), Fundamentals (money handling, time, hygiene, nutrition, cooking, safety), Leisure (yoga, Zumba, sports, drama via The Exceptional Theater Company), Inclusion (Nova University, Special Olympics, community outings). No ABA/speech/OT/PT offered - life-skills is the only valid slug. Special-needs relevance is clear even though the site never uses the word autism. If kept in resources, it is a legitimate support/day-program organization, not a therapy clinic."
8577,Catalyst Physical Therapy - Clearwater,DELETE,,N,https://catalystpt.org/physical-therapy-services/,PROVIDER_SITE,Adult orthopedic and sports PT; no pediatric or special-needs services listed,,"1206 Court Street, Clearwater, FL 33756",,HIGH,"Site loads and the Clearwater address matches the record. Full service list is adult orthopedic, sports and neuro rehab: manual therapy, myofascial, joint mobilization, manipulation, Kinesio taping, cupping, neural mobilization, trigger point, hand therapy, proprioception, therapeutic exercise, dry needling, tele-PT, vestibular rehab, plus in-house EMG/NCS and MSK ultrasound. Populations named are sports injuries, post-surgical rehab, arthritis, chronic pain and adult neurological conditions such as Parkinson's. No pediatric, developmental, early intervention, autism or special-needs offering anywhere on the site - this is not a pediatric PT clinic, so the special-needs benefit-of-the-doubt for peds therapy does not apply. Matches the sports/orthopedic PT delete rule, same as sibling record 8382 (Palm Harbor). Caution for the owner: a similarly named but unrelated practice, catalystptandwellness.com, does have a pediatric page - do not let that be used as justification to keep this record."
8582,Children's Behavioral Intervention - Palm Springs,NEEDS_REVIEW,aba,Y,https://childrensbehavioralint.com/,PROVIDER_SITE,ABA provider; tagline names autism as its focus; two offices listed,6563,"1601 Belvedere Rd, E300, West Palm Beach, FL 33406",,HIGH,"Confirmed duplicate of id 6563 - the provider's own site lists this exact suite (1601 Belvedere Rd E300) as its West Palm Beach office, the same street address on record 6563. Same org, same address, so one record must be retired. This record's city label 'Palm Springs' is wrong per the provider site; 6563's 'West Palm Beach' matches. Service content is correct for the resources table: ABA in home, school and community settings, plus FBAs, assessment, treatment planning, supervision, data collection. Site states no speech or OT, so aba is the only slug. The provider's second office (1665 W 68th St #208, Hialeah) is a different street address and would be a separate legitimate record, not a duplicate."
8587,Ellie Mental Health - Hollywood,DELETE,,N,https://elliementalhealth.com/locations/pembroke-pines-fl/,PROVIDER_SITE,General counseling franchise; no autism or developmental services listed,,"9050 Pines Blvd Suite 305, Pembroke Pines, FL 33024",,MEDIUM,"Generic outpatient counseling franchise. Site lists individual, couples, family and online therapy, medication management, psychological evaluation and testing, CBT/DBT/EMDR/play therapy. ADD/ADHD appears as a visit reason but autism, neurodivergence and developmental disability are never mentioned, and no testing type is specified. None of these map to a valid service slug, so the record would sit in resources with an empty services array - the red flag the rules call out. Recommend delete unless the owner phones them and confirms autism evaluation. NOT a duplicate of 9562: USA Sports Medicine is at 9050 Pines Blvd Suite 102 and Ellie is Suite 305 - two unrelated tenants in the same building, so suspected_duplicate_id is left empty. Also note the record's city is wrong: 9050 Pines Blvd is the Pembroke Pines office. Ellie does operate a real, separate Hollywood office at 4601 Sheridan St Suite 400, Hollywood 33021, but that is a different address and this record is not it."
8589,Dr. Tripp & Associates - Port Saint Lucie,DELETE,,N,https://www.drtrippandassociates.com/contact,PROVIDER_SITE,Multi-site counseling network; no autism or developmental services on site,,"540 NW University Blvd Suite 204, Port St. Lucie, FL 34986",,MEDIUM,"Site is live and the Port St. Lucie address matches the record exactly. Offering is a therapist-matching network of 40+ clinicians providing individual, couples, family, teen, trauma-informed and online therapy for stress, anxiety and depression. No autism, developmental disability, ADHD testing, psychological/ADOS testing, ABA, speech or OT anywhere on the homepage, get-matched or contact pages (the /therapy page returned a server error but the other pages consistently describe general mental-health counseling). Psychotherapy/counseling has no valid service slug, so this record can only sit in resources with an empty services array. Delete as a generic counseling practice with no autism or special-needs focus. Incidental observation, no action needed: their West Palm Beach office (1601 Belvedere Rd E-300) is the same building as Children's Behavioral Intervention - unrelated tenants, not a duplicate."
8596,FIRST WORDS Project - Bldg. A,KEEP_BACKFILL,parent-coaching,Y,https://firstwordsproject.com/screen-my-child/,PROVIDER_SITE,Free autism and communication screening for babies plus parent courses,,"Edgewater Office Park, Building A, 2312 Killearn Center Blvd., Tallahassee, FL 32309",parent-coaching,MEDIUM,"ADDRESS FIX NEEDED: the record's city field ('Bldg. A') and address field ('Edgewater Office Park') are garbled fragments; the real address on the site is 2312 Killearn Center Blvd, Building A, Tallahassee, FL 32309. Confirmed FSU affiliation - footer reads 'Florida State University & Autism Navigator, LLC.' Autism relevance is explicit: early detection of autism spectrum disorder is a stated core goal, and they run the free Smart ESAC (Smart Early Screening for Autism and Communication Disorders) for children 9-18 months, with rescreening every 3-6 months, a parent portal, growth charts, and Autism Navigator courses routed to families whose child screens with autism risk indicators. Caveat for the owner: this is a research project and online screening/parent-education platform, not a walk-in clinic - no in-person evaluations, ABA, or speech therapy are offered, and the screening is online rather than ADOS testing, so no ados-testing slug. parent-coaching is a read of the Autism Navigator parent courses rather than a phrase the site uses, hence marked inferred. Belongs in resources as a support organization; consider noting on the listing that services are virtual and statewide."
8597,"Leslie Danner, EdS, LSP - 1555 Matthew Dr",NEEDS_REVIEW,ados-testing|group-therapy|parent-coaching|virtual-therapy,Y,https://www.gulfshorebh.com/,PROVIDER_SITE,Danner listed on Gulfshore psychologist roster; practice does autism testing,5791,"1555 Matthew Drive, Fort Myers, FL 33907",ados-testing,HIGH,"Confirmed duplicate of id 5791 (Gulfshore Behavioral Health, 1555 Matthew Dr) - same organization, same street address verified on gulfshorebh.com/location. Leslie Danner, EdS, LSP appears on the practice's own Psychologists staff roster, so this is an individual clinician record for a group practice already in the directory. Owner should keep the practice record (5791) and remove the clinician record. The services listed here are the PRACTICE's services, offered in case 5791 is the record that gets backfilled: the site lists autism testing, ADHD/psychoeducational/neurodevelopmental evaluations, individual/group/couples therapy, parenting support, medication management, and in-person plus telemedicine visits. ados-testing is inferred - the site says 'autism testing' without naming ADOS."
8599,Kris Parker and Associates - Port Saint Lucie,DELETE,,N,https://www.krisparkerandassociates.com/services-provided,PROVIDER_SITE,"Counseling practice only; no autism, developmental, or therapy services listed",,,,MEDIUM,"Site is live and its Services Provided page lists only psychotherapy: depression/anxiety therapy, couples counseling, grief, trauma recovery, career and stress issues, self-esteem, plus a counselor intern offering child/adolescent mental health and behavioral/conduct-disorder counseling and family psychoeducation. No ABA, speech, OT, PT, autism testing, or any developmental-disability specialization anywhere on the site. No valid service slug applies (there is no counseling/psychotherapy slug), which leaves an empty services array - a red flag confirming this is a generic mental-health counseling practice that does not belong in resources. Contact page was blocked by robots.txt so no address could be confirmed from their own site; the record's 1950 SE Port St Lucie Blvd remains unverified."
8603,"Maximum Achievers, LLC - Palm Springs",NEEDS_REVIEW,aba,Y,https://maximumachieversllc.com/contact-us,BOTH,Site resolves but renders empty; own page titles state ABA therapy,7045,,,MEDIUM,"Duplicate of id 7045 (Maximum Achievers, LLC - West Palm Beach): identical street address 1495 Forest Hill Blvd. This is one location double-listed under two city names - 1495 Forest Hill Blvd carries a West Palm Beach mailing address (33406) even though it sits at the Palm Springs boundary, which is how the split happened. Owner should keep one record. The provider's own site (maximumachieversllc.com, including /contact-us, /refer-a-patient, /aba-therapy) is a JavaScript app that returns an empty document body, so no service list or address could be read directly; only their own page titles ('ABA Therapy in Florida', 'Aba, Therapy West Palm Beach, Behavior Therapy') confirm ABA. Address corroborated by a third-party listing, address only. Recommend a manual visit in a browser to backfill full services before deciding which record survives."
10360,Quest Kids Therapy - Winter Garden,NEEDS_REVIEW,aba|life-skills|parent-coaching|support-groups,Y,https://questinc.org/quest-kids-therapy/,PROVIDER_SITE,Provider now lists only Orlando and Lake Mary centers; Winter Garden absent,,,,MEDIUM,"The organization is unambiguously autism-relevant and correctly belongs in resources - Quest Kids Therapy provides center-, home-, school- and community-based ABA for children and teens with autism and other developmental disabilities, covering early intervention, communication, social skills, motor skills, toileting/hygiene, daily living and life skills, plus parent training and support groups (per their own grand-opening post at questinc.org/blog/qkwg-grand-opening/). The problem is this specific location: the live Quest Kids Therapy page states 'two conveniently located centers in Central Florida' and names only Orlando and Lake Mary. Winter Garden appears on that page only as a funder ('City of Winter Garden', 'Foundation for a Healthier West Orange'), not as a center. The Winter Garden site opened in 2023 in the Healthy West Orange building and no address is published anywhere on their current site. Likely closed or consolidated - call to confirm before deleting; if the location is gone, delete this record rather than backfilling it."
10401,Early Steps - Jacksonville,KEEP_BACKFILL,mobile-services,Y,https://pediatrics.med.jax.ufl.edu/patient-care/early-steps-program/contact-us/,PROVIDER_SITE,UF Jacksonville runs Northeastern Early Steps at the record address,,"910 N. Jefferson St., Jacksonville, FL 32209",mobile-services,MEDIUM,"Correctly placed in resources as an evaluation and early-intervention entry point, not a daycare. Early Steps is Florida's IDEA Part C program for infants and toddlers birth to 36 months with developmental delays, disabilities, or at-risk conditions, at no cost; the state site carries a parent testimonial about a son diagnosed with autism receiving services, so relevance is Y. The Jacksonville local program is Northeastern Early Steps, operated by UF College of Medicine Jacksonville, whose contact page lists 910 N. Jefferson St. as the program address (matching this record) alongside a second physical office at 653-1 West 8th Street, L16 - worth confirming which one families should visit. mobile-services is inferred from the statement that services are delivered in the child's natural environments (home, childcare, community). Neither the state site nor the UF page enumerates therapy disciplines, so speech-therapy, occupational-therapy and physical-therapy could not be confirmed and were not proposed - a phone call would let you backfill those properly. Also note the record's website field points to the statewide floridaearlysteps.com rather than the local Jacksonville program page; consider updating it. Compare with record 8572, the Broward Early Steps program, which does publish its therapy disciplines."
10556,St. John the Evangelist Catholic Community,MOVE_CHURCHES,,Y,https://www.stjohnviera.org/sensory-friendly,PROVIDER_SITE,Parish runs monthly sensory-friendly Mass for autism and disability community,,"5655 Stadium Parkway, Viera, FL 32940",,HIGH,"This is a Catholic parish, not a clinical provider - it belongs in the churches table, not resources. Its own sensory ministry page describes a monthly Sensory-Friendly Mass at 1:00 PM in Holy Cross Hall with softer acoustics, dimmed lights, flexible seating, and a shortened format with fewer transitions, explicitly welcoming people with autism, Down syndrome, intellectual and developmental disabilities, sensory sensitivities, and elderly parishioners. Coordinator contact is published on that page. Two data corrections when moving: the URL in the record (/sensory-friendly-mass) 404s - the working page is /sensory-friendly; and the street number is 5655 Stadium Parkway, not 5645. The parish states its city as Viera, FL 32940, not Melbourne. No therapy services are offered, so services_proposed is correctly empty."
