domain,n_records,n_cities,n_aba,ids,cities
selectphysicaltherapy.com,55,33,0,"[""8091"",""7942"",""8515"",""8425"",""8395"",""7584"",""7600"",""8498"",""7669"",""7623"",""7672"",""7620"",""8491"",""7579"",""7569"",""8487"",""7512"",""8482"",""7519"",""8423"",""6874"",""6902"",""7965"",""6927"",""6871"",""7967"",""8438"",""8006"",""8245"",""8532"",""8208"",""7105"",""7200"",""8431"",""8359"",""7618"",""8545"",""8466"",""7331"",""7219"",""7314"",""8100"",""7661"",""7420"",""7432"",""7374"",""7427"",""8472"",""7377"",""8473"",""8546"",""8467"",""8501"",""7506"",""8235""]","[""BROOKSVILLE"",""CAPE CORAL"",""CAPE CORAL"",""CLEARWATER"",""CLEARWATER"",""CORAL SPRINGS"",""CORAL SPRINGS"",""FORT LAUDERDALE"",""FORT LAUDERDALE"",""HALLANDALE BEACH"",""HOLLYWOOD"",""HOLLYWOOD"",""JACKSONVILLE"",""JACKSONVILLE"",""JACKSONVILLE"",""JACKSONVILLE BEACH"",""LAKELAND"",""LAKELAND"",""LAKELAND"",""LARGO"",""MEDLEY"",""MIAMI"",""MIAMI"",""MIAMI"",""MIAMI BEACH"",""MIAMI LAKES"",""MIRAMAR"",""NORTH MIAMI"",""ORLANDO"",""ORLANDO"",""ORLANDO"",""ORMOND BEACH"",""PALM BEACH GARDENS"",""PALM HARBOR"",""PALM SPRINGS"",""PEMBROKE PINES"",""PLANT CITY"",""PLANT CITY"",""PORT ST. LUCIE"",""ROYAL PALM BEACH"",""SEBASTIAN"",""SPRING HILL"",""TAMARAC"",""TAMPA"",""TAMPA"",""TAMPA"",""TAMPA"",""TAMPA"",""TAMPA"",""TAMPA"",""TAMPA"",""TAMPA"",""WESTON"",""WINTER HAVEN"",""WINTER PARK""]"
coraphysicaltherapy.com,45,32,0,"[""9980"",""9940"",""9974"",""9805"",""9868"",""9870"",""9890"",""9963"",""9898"",""9975"",""9941"",""9996"",""9865"",""9863"",""9857"",""9969"",""9862"",""9851"",""9854"",""9938"",""9817"",""9951"",""9812"",""9816"",""10108"",""9896"",""9919"",""9915"",""9916"",""9917"",""9823"",""9832"",""9880"",""9910"",""9949"",""9831"",""9901"",""9838"",""9977"",""9961"",""9846"",""9845"",""9819"",""9853"",""9921""]","[""CAPE CORAL"",""CLEARWATER"",""CORAL SPRINGS"",""DANIA BEACH"",""DAVIE"",""FORT LAUDERDALE"",""FORT MYERS"",""HAINES CITY"",""HIALEAH"",""HOLLYWOOD"",""HOLLYWOOD"",""JACKSONVILLE"",""JACKSONVILLE"",""JACKSONVILLE"",""JACKSONVILLE"",""JACKSONVILLE"",""JACKSONVILLE"",""LAKELAND"",""LAKELAND"",""LARGO"",""MELBOURNE"",""MIAMI"",""MIAMI"",""MIAMI BEACH"",""MIRAMAR"",""NORTH MIAMI BEACH"",""ORLANDO"",""ORLANDO"",""ORLANDO"",""ORLANDO"",""ORMOND BEACH"",""PALM SPRINGS"",""POMPANO BEACH"",""PORT ORANGE"",""PORT ST. LUCIE"",""ROYAL PALM BEACH"",""SATELLITE BEACH"",""STUART"",""SUNRISE"",""TAMPA"",""TAMPA"",""TAMPA"",""WEST MELBOURNE"",""WINTER HAVEN"",""WINTER PARK""]"
ptsolutions.com,28,16,0,"[""10033"",""10032"",""10172"",""10173"",""10049"",""7179"",""6976"",""10266"",""10215"",""10037"",""10184"",""10177"",""10212"",""10200"",""10139"",""10034"",""10142"",""10204"",""10203"",""10070"",""10207"",""10069"",""10067"",""10270"",""10068"",""10076"",""10066"",""10214""]","[""BROOKSVILLE"",""BUSHNELL"",""CLEARWATER"",""DUNEDIN"",""HUDSON"",""LAKELAND"",""LAKELAND"",""LARGO"",""OLDSMAR"",""PALM COAST"",""PALM HARBOR"",""PALM HARBOR"",""PLANT CITY"",""RIVERVIEW"",""SPRING HILL"",""SPRING HILL"",""SPRING HILL"",""TAMPA"",""TAMPA"",""TAMPA"",""TAMPA"",""TAMPA"",""TAMPA"",""TAMPA"",""TAMPA"",""TAMPA"",""TEMPLE TERRACE"",""ZEPHYRHILLS""]"
lifestance.com,25,22,25,"[""8801"",""10635"",""10636"",""10637"",""7296"",""10638"",""10639"",""10640"",""10641"",""7472"",""10642"",""10643"",""10644"",""10645"",""10646"",""10647"",""10649"",""10648"",""10650"",""10656"",""10651"",""10655"",""10652"",""10653"",""10654""]","[""AVENTURA"",""BRANDON"",""CELEBRATION"",""CLERMONT"",""FORT LAUDERDALE"",""FORT MYERS"",""HOLLYWOOD"",""JACKSONVILLE"",""KISSIMMEE"",""LAKELAND"",""MAITLAND"",""MIAMI"",""MIAMI LAKES"",""NEW PORT RICHEY"",""OCOEE"",""ORLANDO"",""ORLANDO"",""ORLANDO"",""ORLANDO"",""OVIEDO"",""PALM HARBOR"",""SANFORD"",""SARASOTA"",""TAMPA"",""THE VILLAGES""]"
h2health.com,25,11,6,"[""10294"",""10128"",""10253"",""7209"",""10239"",""10293"",""10101"",""10105"",""10100"",""10089"",""10087"",""10093"",""10088"",""10104"",""10291"",""10134"",""10027"",""10023"",""10295"",""10149"",""10251"",""10063"",""10201"",""10031"",""10292""]","[""CALLAHAN"",""FORT MYERS"",""JACKSONVILLE"",""JACKSONVILLE"",""JACKSONVILLE"",""JACKSONVILLE"",""JACKSONVILLE"",""JACKSONVILLE"",""JACKSONVILLE"",""JACKSONVILLE"",""JACKSONVILLE"",""JACKSONVILLE"",""JACKSONVILLE"",""JACKSONVILLE"",""JACKSONVILLE BEACH"",""MELBOURNE"",""MELBOURNE"",""MELBOURNE"",""MIDDLEBURG"",""NEW SMYRNA BEACH"",""ST. AUGUSTINE"",""TAMPA"",""TAMPA"",""WEST MELBOURNE"",""YULEE""]"
fyzical.com,22,19,0,"[""9739"",""10038"",""10005"",""10138"",""7212"",""10018"",""10175"",""10094"",""10086"",""10179"",""10279"",""10022"",""9465"",""10316"",""10189"",""10129"",""9609"",""10147"",""10317"",""10140"",""10313"",""10064""]","[""CORAL SPRINGS"",""DELAND"",""FORT MYERS"",""GAINESVILLE"",""GAINESVILLE"",""HIALEAH"",""HUDSON"",""JACKSONVILLE"",""JACKSONVILLE"",""LARGO"",""LARGO"",""MELBOURNE"",""MELBOURNE BEACH"",""MIAMI"",""MIRAMAR"",""NORTH FORT MYERS"",""ORLANDO"",""PORT ORANGE"",""SOUTH MIAMI"",""SPRING HILL"",""TALLAHASSEE"",""TAMPA""]"
adventhealth.com,18,4,2,"[""8124"",""9902"",""8200"",""10604"",""7196"",""9923"",""6647"",""9929"",""9829"",""9995"",""9924"",""9920"",""9985"",""6727"",""10605"",""10156"",""10606"",""9984""]","[""HOLLY HILL"",""OCALA"",""ORLANDO"",""ORLANDO"",""ORLANDO"",""ORLANDO"",""ORLANDO"",""ORLANDO"",""ORLANDO"",""ORLANDO"",""ORLANDO"",""ORLANDO"",""ORLANDO"",""ORLANDO"",""ORLANDO"",""ORLANDO"",""WINTER PARK"",""WINTER PARK""]"
physicaltherapynow.com,17,13,0,"[""9889"",""9814"",""9802"",""9878"",""9877"",""9806"",""9803"",""9942"",""9943"",""9813"",""9894"",""9953"",""9841"",""9954"",""9926"",""9939"",""9849""]","[""CAPE CORAL"",""CORAL GABLES"",""CORAL SPRINGS"",""FORT LAUDERDALE"",""FORT LAUDERDALE"",""FORT MYERS"",""HIALEAH"",""HOLLYWOOD"",""HOLLYWOOD"",""MIAMI"",""MIAMI"",""MIAMI"",""MIAMI LAKES"",""NORTH MIAMI BEACH"",""ORLANDO"",""PALM HARBOR"",""TALLAHASSEE""]"
thriveworks.com,16,15,16,"[""10629"",""10630"",""6936"",""8332"",""10631"",""8433"",""5883"",""8488"",""6540"",""10633"",""10632"",""8229"",""8353"",""10634"",""9084"",""8465""]","[""BOCA RATON"",""BOYNTON BEACH"",""CLEARWATER"",""CORAL SPRINGS"",""DAVIE"",""FORT LAUDERDALE"",""GAINESVILLE"",""JACKSONVILLE"",""JACKSONVILLE"",""MAITLAND"",""MIAMI"",""ORLANDO"",""PALM SPRINGS"",""ST. PETERSBURG"",""TALLAHASSEE"",""TAMPA""]"
sunrisegroup.org,15,14,0,"[""10675"",""10678"",""6191"",""10679"",""10683"",""6074"",""10681"",""10682"",""8666"",""10684"",""6329"",""10680"",""10674"",""10677"",""10676""]","[""BARTOW"",""BRADENTON"",""CAPE CORAL"",""CLEWISTON"",""DAVIE"",""DAYTONA BEACH"",""DORAL"",""HOMESTEAD"",""LAKELAND"",""MIAMI"",""MIAMI"",""NAPLES"",""TALLAHASSEE"",""TAMPA"",""WAUCHULA""]"
hopkinsmedicine.org,13,7,1,"[""10413"",""10284"",""10009"",""8993"",""10258"",""10186"",""10185"",""10287"",""10183"",""10283"",""10143"",""10211"",""10285""]","[""BRANDON"",""BRANDON"",""FORT MYERS"",""LAKELAND"",""NEW PORT RICHEY"",""NEW PORT RICHEY"",""PALM HARBOR"",""ST. PETERSBURG"",""ST. PETERSBURG"",""TAMPA"",""TAMPA"",""TAMPA"",""TAMPA""]"
teampbs.com,11,11,11,"[""10623"",""10624"",""6743"",""10619"",""10627"",""10626"",""10621"",""10625"",""10618"",""10620"",""10622""]","[""BRANDON"",""FORT MYERS"",""GAINESVILLE"",""JACKSONVILLE"",""MELBOURNE"",""MIAMI"",""ORLANDO"",""PEMBROKE PINES"",""STUART"",""TALLAHASSEE"",""TAMPA""]"
wolfsonchildrens.com,10,5,2,"[""10004"",""10235"",""10090"",""9261"",""7535"",""9100"",""10001"",""10096"",""10150"",""10229""]","[""FLEMING ISLAND"",""FLEMING ISLAND"",""JACKSONVILLE"",""JACKSONVILLE"",""JACKSONVILLE"",""JACKSONVILLE"",""JACKSONVILLE"",""JACKSONVILLE BEACH"",""LAKE CITY"",""PONTE VEDRA""]"
brooksrehab.org,10,6,1,"[""6676"",""10148"",""10092"",""10095"",""10102"",""7428"",""6926"",""10152"",""10035"",""10230""]","[""DAYTONA BEACH"",""DELTONA"",""JACKSONVILLE"",""JACKSONVILLE"",""JACKSONVILLE"",""JACKSONVILLE"",""JACKSONVILLE"",""ORMOND BEACH"",""PORT ORANGE"",""ST. AUGUSTINE""]"
abacentersfl.com,10,10,10,"[""10594"",""10596"",""7217"",""10601"",""10597"",""8832"",""10598"",""10600"",""10595"",""10599""]","[""BOCA RATON"",""CELEBRATION"",""JENSEN BEACH"",""LONGWOOD"",""MIRAMAR"",""ORLANDO"",""ROYAL PALM BEACH"",""TAMARAC"",""TAMPA"",""WESLEY CHAPEL""]"
florida.easterseals.com,9,8,3,"[""8970"",""9212"",""6344"",""10554"",""6389"",""10667"",""7381"",""7180"",""10673""]","[""DAYTONA BEACH"",""DELAND"",""NAPLES"",""NEW SMYRNA BEACH"",""PALM BAY"",""SORRENTO"",""WEST PALM BEACH"",""WINTER PARK"",""WINTER PARK""]"
elitedna.com,8,8,7,"[""6922"",""6671"",""6759"",""5847"",""7307"",""9388"",""7416"",""7109""]","[""BROOKSVILLE"",""CAPE CORAL"",""FORT MYERS"",""GAINESVILLE"",""JACKSONVILLE"",""LAKELAND"",""ORMOND BEACH"",""TALLAHASSEE""]"
nicklauschildrens.org,8,7,0,"[""9842"",""10411"",""9815"",""10055"",""9873"",""10168"",""9872"",""10226""]","[""MEDLEY"",""MIAMI"",""MIAMI"",""MIAMI LAKES"",""MIRAMAR"",""PALM BEACH GARDENS"",""PEMBROKE PINES"",""WESTON""]"
bluesprigautism.com,8,8,4,"[""8838"",""7378"",""6861"",""7214"",""7100"",""6668"",""7094"",""6747""]","[""CLEARWATER"",""DAYTONA BEACH"",""GAINESVILLE"",""NORTH FORT MYERS"",""PORT ST. LUCIE"",""SPRING HILL"",""TALLAHASSEE"",""WINTER PARK""]"
baycare.org,7,4,1,"[""10267"",""5861"",""10050"",""9670"",""9701"",""10210"",""10216""]","[""CLEARWATER"",""CLEARWATER"",""PALM HARBOR"",""SAFETY HARBOR"",""TAMPA"",""TAMPA"",""TAMPA""]"
usasportsmedicine.com,7,5,0,"[""9567"",""9562"",""9753"",""9622"",""9607"",""9615"",""9621""]","[""FORT LAUDERDALE"",""HOLLYWOOD"",""MIAMI"",""MIAMI"",""MIAMI BEACH"",""MIAMI BEACH"",""MIAMI LAKES""]"
abacustherapies.com,7,7,7,"[""10611"",""8962"",""6662"",""10610"",""10613"",""10612"",""10609""]","[""BOCA RATON"",""FORT LAUDERDALE"",""HOLLYWOOD"",""MIAMI"",""PALM BEACH GARDENS"",""WEST PALM BEACH"",""WESTON""]"
healthcare.ascension.org,7,7,0,"[""10080"",""10233"",""10224"",""10079"",""10225"",""10221"",""10223""]","[""GULF BREEZE"",""JACKSONVILLE"",""MIRAMAR BEACH"",""PACE"",""PENSACOLA"",""PORT ST JOE"",""SANTA ROSA BEACH""]"
bassautism.com,6,5,6,"[""6681"",""9169"",""9171"",""10394"",""9172"",""6670""]","[""CLEARWATER"",""GAINESVILLE"",""GAINESVILLE"",""ORMOND BEACH"",""PORT ORANGE"",""SPRING HILL""]"
koalaaba.com,6,5,6,"[""10699"",""9323"",""10700"",""10701"",""10703"",""10702""]","[""DORAL"",""DORAL"",""MIAMI LAKES"",""MIRAMAR"",""PANAMA CITY BEACH"",""TAMPA""]"
ufhealth.org,6,1,2,"[""7041"",""7134"",""6039"",""5855"",""9180"",""7122""]","[""GAINESVILLE"",""GAINESVILLE"",""GAINESVILLE"",""GAINESVILLE"",""GAINESVILLE"",""GAINESVILLE""]"
reboundrehab.com,5,1,0,"[""9558"",""9556"",""9719"",""9724"",""9725""]","[""JACKSONVILLE"",""JACKSONVILLE"",""JACKSONVILLE"",""JACKSONVILLE"",""JACKSONVILLE""]"
firststep-therapy.com,5,5,1,"[""9086"",""10315"",""10029"",""6677"",""10084""]","[""LAKELAND"",""LONGWOOD"",""ORANGE CITY"",""TAMPA"",""WINTER HAVEN""]"
theoppt.com,5,3,0,"[""9937"",""9936"",""9967"",""9960"",""9959""]","[""CLEARWATER"",""CLEARWATER"",""LAKELAND"",""TAMPA"",""TAMPA""]"
watsonclinic.com,5,1,0,"[""9991"",""9964"",""9855"",""9965"",""9108""]","[""LAKELAND"",""LAKELAND"",""LAKELAND"",""LAKELAND"",""LAKELAND""]"
projectbrilliance.com,5,5,5,"[""10572"",""10573"",""7025"",""10574"",""8901""]","[""BOCA RATON"",""LAKE WORTH"",""PALM BEACH GARDENS"",""STUART"",""TAMPA""]"
dogtrainingelite.com,5,5,0,"[""10478"",""10479"",""10475"",""10476"",""10477""]","[""CLEARWATER"",""FORT PIERCE"",""ORLANDO"",""WEST PALM BEACH"",""WESTON""]"
baylifept.com,5,4,0,"[""9598"",""9519"",""9521"",""9520"",""9428""]","[""COCONUT CREEK"",""FORT PIERCE"",""PORT ST. LUCIE"",""PORT ST. LUCIE"",""TAMARAC""]"
caringtherapistsofbroward.com,5,5,1,"[""8579"",""7809"",""8580"",""8581"",""6635""]","[""CORAL SPRINGS"",""DAVIE"",""FORT LAUDERDALE"",""HOLLYWOOD"",""PEMBROKE PINES""]"
inbloomautism.com,5,4,5,"[""7485"",""8512"",""8506"",""8595"",""8507""]","[""DAVIE"",""FORT LAUDERDALE"",""JACKSONVILLE"",""JACKSONVILLE"",""TAMPA""]"
acornhealth.com,5,4,5,"[""8952"",""6756"",""6536"",""6622"",""7088""]","[""CORAL GABLES"",""LAKELAND"",""MIRAMAR"",""ORLANDO"",""ORLANDO""]"
pinecrestpt.com,4,2,0,"[""9614"",""9692"",""9620"",""9674""]","[""CORAL GABLES"",""MIAMI"",""MIAMI"",""MIAMI""]"
questinc.org,4,3,4,"[""6763"",""5835"",""5808"",""10360""]","[""ORLANDO"",""TAMPA"",""TAMPA"",""WINTER GARDEN""]"
baptistjax.com,4,2,2,"[""10228"",""8522"",""8490"",""10097""]","[""JACKSONVILLE"",""JACKSONVILLE"",""JACKSONVILLE"",""JACKSONVILLE BEACH""]"
forcesportstherapy.com,4,2,0,"[""9771"",""9459"",""9524"",""9448""]","[""FORT LAUDERDALE"",""MIAMI"",""MIAMI"",""MIAMI""]"
hopebridge.com,4,3,3,"[""6040"",""7119"",""9125"",""7095""]","[""FORT MYERS"",""ORLANDO"",""ORLANDO"",""TALLAHASSEE""]"
devereux.org,4,4,4,"[""6941"",""6041"",""8826"",""6525""]","[""MELBOURNE"",""ORLANDO"",""PALM BAY"",""PEMBROKE PINES""]"
mykidtherapycenter.com,4,3,2,"[""9325"",""9284"",""7069"",""6992""]","[""HOMESTEAD"",""MIAMI"",""MIAMI"",""ORLANDO""]"
fkppec.com,3,3,1,"[""10314"",""7383"",""10048""]","[""HOLLYWOOD"",""LAUDERHILL"",""MIAMI""]"
myfavoritetherapists.com,3,3,1,"[""10288"",""6639"",""6617""]","[""DEERFIELD BEACH"",""ORLANDO"",""TAMPA""]"
orlandosportsmedicine.com,3,2,0,"[""9643"",""9489"",""9763""]","[""ALTAMONTE SPRINGS"",""ORLANDO"",""ORLANDO""]"
pathmedical.com,3,3,0,"[""10354"",""9617"",""10381""]","[""HOLLYWOOD"",""MIAMI GARDENS"",""WEST PALM BEACH""]"
careoptionsforkids.com,3,3,3,"[""10151"",""10245"",""10030""]","[""JACKSONVILLE"",""MIRAMAR"",""SPRING HILL""]"
fullspectrumaba.com,3,3,3,"[""7230"",""8626"",""8968""]","[""DAYTONA BEACH"",""FORT MYERS"",""MELBOURNE""]"
ppt4kids.com,3,3,0,"[""10003"",""10282"",""6925""]","[""BOCA RATON"",""LAKE WORTH"",""WEST PALM BEACH""]"
provitaspeech.com,3,3,0,"[""9243"",""8883"",""9183""]","[""BOCA RATON"",""PORT ST. LUCIE"",""ROYAL PALM BEACH""]"
apollo-rehab.com,3,3,0,"[""9568"",""9783"",""9640""]","[""MIRAMAR"",""PARKLAND"",""TAMARAC""]"
healthpropediatrics.com,3,2,0,"[""10071"",""10326"",""10219""]","[""BRANDON"",""TAMPA"",""TAMPA""]"
heart4kidstherapy.com,3,3,0,"[""10045"",""10065"",""10044""]","[""PALM HARBOR"",""TAMPA"",""TRINITY""]"
abakidsconnection.com,3,3,3,"[""6142"",""10607"",""8819""]","[""BROOKSVILLE"",""ORLANDO"",""TAMPA""]"
ariseautismcenter.com,3,3,3,"[""10593"",""10591"",""10592""]","[""CLERMONT"",""LAKE MARY"",""SANFORD""]"
arnoldpalmerhospital.com,3,1,0,"[""9246"",""9218"",""9338""]","[""ORLANDO"",""ORLANDO"",""ORLANDO""]"
sparkpediatrics.com,3,3,0,"[""10213"",""10062"",""10117""]","[""CLEARWATER"",""PALM SPRINGS"",""STUART""]"
kidsspotrehab.com,3,3,2,"[""10220"",""10243"",""8980""]","[""LUTZ"",""POMPANO BEACH"",""WEST PALM BEACH""]"
advancedrehab.us,3,2,0,"[""9637"",""9848"",""9696""]","[""LARGO"",""TAMPA"",""TAMPA""]"
sskidstherapy.com,3,3,3,"[""7474"",""9330"",""9363""]","[""CAPE CORAL"",""FORT MYERS"",""NAPLES""]"
cultivatebhe.com,3,3,3,"[""7140"",""9166"",""5840""]","[""BOCA RATON"",""ORANGE PARK"",""YULEE""]"
talkactiveclinic.com,3,2,1,"[""6524"",""9406"",""9407""]","[""ORLANDO"",""ORLANDO"",""WINTER PARK""]"
therapies4kids.com,3,3,1,"[""10107"",""9419"",""6519""]","[""CORAL SPRINGS"",""HOLLYWOOD"",""PEMBROKE PINES""]"
littleleaves.org,3,3,3,"[""7005"",""7103"",""6954""]","[""CORAL SPRINGS"",""MIAMI LAKES"",""WESTON""]"
elliementalhealth.com,3,3,0,"[""7255"",""9070"",""10375""]","[""LAKE WORTH BEACH"",""PEMBROKE PINES"",""WESTON""]"
toc.md,3,2,0,"[""9596"",""9751"",""9752""]","[""HOLLYWOOD"",""HOLLYWOOD"",""LAUDERHILL""]"
equanimitytherapy.com,3,2,2,"[""9263"",""9264"",""6621""]","[""HOLLYWOOD"",""HOLLYWOOD"",""PEMBROKE PINES""]"
breakthroughtherapyservices.com,3,3,0,"[""6014"",""9411"",""9414""]","[""DAVIE"",""PLANTATION"",""SOUTHWEST RANCHES""]"
ufhealthjax.org,3,1,1,"[""7107"",""10231"",""8806""]","[""JACKSONVILLE"",""JACKSONVILLE"",""JACKSONVILLE""]"
www-healthpro-heritage-com.sandbox.hs-sites.com,3,2,0,"[""10332"",""10331"",""10269""]","[""LAKELAND"",""LAKELAND"",""RIVERVIEW""]"
azultherapyservices.com,3,2,1,"[""10296"",""7243"",""10310""]","[""HIALEAH"",""MIAMI"",""MIAMI""]"
physicalone.com,2,2,0,"[""9737"",""9423""]","[""FORT LAUDERDALE"",""LAUDERHILL""]"
physicaltherapygroupofflorida.com,2,2,0,"[""9679"",""9604""]","[""CORAL SPRINGS"",""FORT LAUDERDALE""]"
positivebehaviorservices.com,2,2,2,"[""10616"",""6672""]","[""FORT MYERS"",""HOMESTEAD""]"
positivedevelopment.com,2,2,0,"[""9360"",""9353""]","[""MIRAMAR"",""PLANTATION""]"
ptprofessionals.net,2,2,0,"[""9470"",""9471""]","[""MELBOURNE"",""PALM BAY""]"
ptsbeyourbest.com,2,2,0,"[""10072"",""8861""]","[""BRANDON"",""LAKELAND""]"
puzzleboxacademy.com,2,2,0,"[""8559"",""6903""]","[""MELBOURNE"",""PALM BAY""]"
qckinetix.com,2,2,0,"[""9736"",""9660""]","[""PEMBROKE PINES"",""WEST PALM BEACH""]"
requestphysicaltherapy.com,2,2,0,"[""9904"",""9981""]","[""GAINESVILLE"",""NEWBERRY""]"
restorativespeechservicesinc.clientsecure.me,2,2,0,"[""10255"",""6539""]","[""DELAND"",""PORT ORANGE""]"
sflspineandsports.com,2,1,0,"[""9573"",""9606""]","[""MIRAMAR"",""MIRAMAR""]"
skillpointtherapy.com,2,2,0,"[""10209"",""10256""]","[""BRANDON"",""TAMPA""]"
slmspeech.com,2,2,0,"[""9221"",""9242""]","[""BOYNTON BEACH"",""SUNRISE""]"
sloanestecker.com,2,2,0,"[""9747"",""9501""]","[""JUPITER"",""WEST PALM BEACH""]"
smalltalkjax.com,2,2,0,"[""9198"",""9173""]","[""JACKSONVILLE"",""ORANGE PARK""]"
soflopt.com,2,1,0,"[""9605"",""9564""]","[""FORT LAUDERDALE"",""FORT LAUDERDALE""]"
southflaortho.com,2,1,0,"[""9946"",""9881""]","[""PORT ST. LUCIE"",""PORT ST. LUCIE""]"
southflorida.easterseals.com,2,2,1,"[""6729"",""8774""]","[""MIAMI"",""MIAMI GARDENS""]"
southfloridaaba.org,2,2,2,"[""6072"",""7448""]","[""HIALEAH"",""MIAMI LAKES""]"
spacecoastes.org,2,2,0,"[""9255"",""6988""]","[""MELBOURNE"",""ROCKLEDGE""]"
specializedpediatriccare.com,2,1,0,"[""7192"",""9098""]","[""MIAMI"",""MIAMI""]"
speechnow.info,2,2,0,"[""9178"",""9245""]","[""PEMBROKE PINES"",""WESTON""]"
speechtherapy305.com,2,2,0,"[""9395"",""6773""]","[""HIALEAH"",""HIALEAH GARDENS""]"
speechworksflorida.com,2,2,0,"[""10281"",""7131""]","[""ORANGE CITY"",""PORT ORANGE""]"
sproutbehavioralservices.com,2,2,2,"[""10575"",""10576""]","[""HOLLYWOOD"",""WELLINGTON""]"
successonthespectrum.com,2,2,2,"[""10715"",""7211""]","[""CLEARWATER"",""TAMPA""]"
sunshinekidzppec.com,2,2,0,"[""8504"",""7670""]","[""FORT LAUDERDALE"",""HOLLYWOOD""]"
superkidsaba.com,2,1,2,"[""7053"",""6094""]","[""NORTH MIAMI BEACH"",""NORTH MIAMI BEACH""]"
swflspeechtherapy.com,2,2,1,"[""9362"",""6886""]","[""ESTERO"",""FORT MYERS""]"
tampabayphysicaltherapy.com,2,1,0,"[""9534"",""9533""]","[""TAMPA"",""TAMPA""]"
thefloridacenter.org,2,2,0,"[""10670"",""10669""]","[""NORTH PORT"",""SARASOTA""]"
therapeuticrehabspecialists.com,2,1,0,"[""9780"",""9703""]","[""LAKELAND"",""LAKELAND""]"
therapy-alliance.com,2,2,0,"[""8068"",""9417""]","[""HIALEAH"",""MIAMI LAKES""]"
tlcpediatrictherapy.com,2,1,0,"[""9928"",""7257""]","[""ORLANDO"",""ORLANDO""]"
tlhproject.com,2,2,2,"[""7673"",""7056""]","[""MIAMI"",""MIAMI SPRINGS""]"
tospt.com,2,1,0,"[""9542"",""10385""]","[""TALLAHASSEE"",""TALLAHASSEE""]"
totallifecounseling.com,2,2,2,"[""7348"",""6890""]","[""ORLANDO"",""TAMPA""]"
tukkosabatherapy.com,2,1,1,"[""7290"",""6771""]","[""CAPE CORAL"",""CAPE CORAL""]"
aaspeech.com,2,2,1,"[""5844"",""9410""]","[""TAMPA"",""VALRICO""]"
yourphysicaltherapyexperts.com,2,2,0,"[""9994"",""9905""]","[""ORLANDO"",""PORT ORANGE""]"
abafoundations.com,2,2,2,"[""10712"",""10713""]","[""PALM BEACH GARDENS"",""STUART""]"
abaresults.com,2,2,2,"[""7315"",""7168""]","[""FORT MYERS"",""GAINESVILLE""]"
advancetherapycenter.com,2,2,0,"[""9450"",""9744""]","[""HIALEAH"",""MIAMI""]"
akltherapy.com,2,2,0,"[""10248"",""6840""]","[""LONGWOOD"",""MIAMI SPRINGS""]"
aligntherapy.org,2,2,0,"[""9899"",""9820""]","[""INDIAN HARBOUR BEACH"",""MELBOURNE BEACH""]"
alkemesportsrx.com,2,2,0,"[""9740"",""9665""]","[""DAVIE"",""MIAMI""]"
alwayskeepprogressing.com,2,2,2,"[""9408"",""7259""]","[""MIAMI GARDENS"",""NORTH MIAMI""]"
amfhealthcare.com,2,2,0,"[""9511"",""9507""]","[""CLEARWATER"",""LARGO""]"
apd.myflorida.com,2,2,2,"[""6748"",""7125""]","[""GAINESVILLE"",""TALLAHASSEE""]"
arcbroward.com,2,2,1,"[""10364"",""8845""]","[""OAKLAND PARK"",""SUNRISE""]"
arcjacksonville.org,2,1,1,"[""6523"",""7291""]","[""JACKSONVILLE"",""JACKSONVILLE""]"
atlanticrehabcenter.com,2,2,0,"[""9808"",""9871""]","[""NORTH MIAMI BEACH"",""PEMBROKE PINES""]"
atouchofhopeot.com,2,2,0,"[""7486"",""9317""]","[""AVENTURA"",""MIAMI""]"
axispropt.com,2,2,0,"[""9834"",""9900""]","[""MELBOURNE"",""PALM BAY""]"
backtoyourehab.com,2,2,0,"[""9835"",""9836""]","[""FORT PIERCE"",""PORT ST. LUCIE""]"
baptisthealth.net,2,2,0,"[""9688"",""9785""]","[""CORAL GABLES"",""MIAMI BEACH""]"
baysidetherapyspecialists.com,2,2,0,"[""7238"",""10119""]","[""CLEARWATER"",""NEW PORT RICHEY""]"
bayviewtherapy.com,2,2,2,"[""8574"",""7287""]","[""CORAL SPRINGS"",""FORT LAUDERDALE""]"
bcckids.org,2,1,1,"[""9434"",""5884""]","[""POMPANO BEACH"",""POMPANO BEACH""]"
behavior-analysis.org,2,1,2,"[""5819"",""6557""]","[""DAVIE"",""DAVIE""]"
behaviorbasicsinc.com,2,2,1,"[""9786"",""6904""]","[""MELBOURNE"",""PORT ST. LUCIE""]"
bigbearacademyppec.com,2,2,0,"[""10110"",""10059""]","[""DAVIE"",""MIAMI""]"
bmmaba.com,2,2,2,"[""8965"",""7419""]","[""HIALEAH"",""MIAMI LAKES""]"
brightsideabatherapy.com,2,2,2,"[""10663"",""10664""]","[""RIVERVIEW"",""SUN CITY CENTER""]"
cadenzacenter.com,2,1,2,"[""6399"",""5848""]","[""HOLLYWOOD"",""HOLLYWOOD""]"
centralfloridatherapysolutions.com,2,2,0,"[""10039"",""10036""]","[""LONGWOOD"",""ORANGE CITY""]"
cfldreamplex.com,2,2,0,"[""10278"",""6628""]","[""CLERMONT"",""ORLANDO""]"
childrensbehavioralint.com,2,2,1,"[""8582"",""6563""]","[""PALM SPRINGS"",""WEST PALM BEACH""]"
childrenscommunication.com,2,1,1,"[""9365"",""6835""]","[""TALLAHASSEE"",""TALLAHASSEE""]"
childrensdiagnostic.org,2,1,1,"[""6499"",""8572""]","[""FORT LAUDERDALE"",""FORT LAUDERDALE""]"
childrensrehabppec.com,2,2,0,"[""10006"",""6967""]","[""LEHIGH ACRES"",""MIAMI GARDENS""]"
coastaltherapy.net,2,2,0,"[""8578"",""8489""]","[""JACKSONVILLE"",""JACKSONVILLE BEACH""]"
commdisorders.cci.fsu.edu,2,1,0,"[""6938"",""9235""]","[""TALLAHASSEE"",""TALLAHASSEE""]"
compassionbehavioralhealth.com,2,1,0,"[""7439"",""7476""]","[""HOLLYWOOD"",""HOLLYWOOD""]"
complete-care.com,2,2,0,"[""9544"",""9461""]","[""LAKELAND"",""PALM BAY""]"
corevaluesptorlando.com,2,2,0,"[""9505"",""9645""]","[""ALTAMONTE SPRINGS"",""ORLANDO""]"
counselingsoflo.com,2,2,0,"[""7301"",""6934""]","[""FORT LAUDERDALE"",""MIAMI""]"
easterseals.com,2,2,1,"[""8875"",""6892""]","[""DAYTONA BEACH"",""MIAMI""]"
firstwordspediatrictherapy.com,2,2,1,"[""9266"",""6978""]","[""PALM SPRINGS"",""WEST PALM BEACH""]"
fl-mentor.com,2,2,0,"[""7478"",""8814""]","[""DAYTONA BEACH"",""GAINESVILLE""]"
florehabcenter.com,2,2,0,"[""9824"",""9997""]","[""ORMOND BEACH"",""PORT ORANGE""]"
floridahandtherapy.com,2,2,0,"[""9310"",""9321""]","[""DANIA BEACH"",""STUART""]"
floridahealth.gov,2,1,0,"[""7373"",""7320""]","[""TALLAHASSEE"",""TALLAHASSEE""]"
foxpt.com,2,1,0,"[""9804"",""9897""]","[""MIAMI"",""MIAMI""]"
fussiontherapy.com,2,2,0,"[""10264"",""6977""]","[""HIALEAH"",""HIALEAH GARDENS""]"
gigisplayhouse.org,2,2,1,"[""8947"",""9131""]","[""FORT MYERS"",""TAMPA""]"
gulfshorebh.com,2,1,1,"[""5791"",""8597""]","[""FORT MYERS"",""FORT MYERS""]"
holisticfamilyot.com,2,2,0,"[""6691"",""9324""]","[""LAKE WORTH BEACH"",""PALM SPRINGS""]"
holy-cross.com,2,2,0,"[""7438"",""9732""]","[""OAKLAND PARK"",""POMPANO BEACH""]"
homegrowntherapyswfl.com,2,1,1,"[""7193"",""6678""]","[""CAPE CORAL"",""CAPE CORAL""]"
hopefultherapies.com,2,1,1,"[""9048"",""9999""]","[""LAKELAND"",""LAKELAND""]"
hupcfl.com,2,2,0,"[""6496"",""10369""]","[""TALLAHASSEE"",""WEST MELBOURNE""]"
impacttlh.org,2,1,1,"[""10302"",""7375""]","[""TALLAHASSEE"",""TALLAHASSEE""]"
kernaghanmoore.com,2,2,0,"[""10407"",""7288""]","[""NEW PORT RICHEY"",""SPRING HILL""]"
kidsincareppec.com,2,2,0,"[""6782"",""10320""]","[""GREENACRES"",""LAKE WORTH""]"
kidstherapyconnection.com,2,2,2,"[""10002"",""7266""]","[""DORAL"",""SOUTH MIAMI""]"
kidztz.com,2,2,0,"[""7421"",""9418""]","[""ORLANDO"",""WINTER GARDEN""]"
lcca.com,2,2,0,"[""10028"",""10195""]","[""PALM BAY"",""PORT ST. LUCIE""]"
leadingpathwaysaba.com,2,2,2,"[""7001"",""6037""]","[""CORAL SPRINGS"",""WEST PALM BEACH""]"
lifeskillskidstherapy.com,2,2,2,"[""9282"",""7359""]","[""HOLLYWOOD"",""PEMBROKE PINES""]"
lifeskillssouthflorida.com,2,2,1,"[""6951"",""8647""]","[""FORT LAUDERDALE"",""ORLANDO""]"
littleangelsppec.com,2,2,0,"[""9181"",""9275""]","[""LONGWOOD"",""ORLANDO""]"
littlestartherapy.com,2,2,0,"[""10305"",""6749""]","[""MIAMI"",""NORTH MIAMI""]"
littleteslapediatrics.com,2,1,1,"[""5781"",""5760""]","[""ORLANDO"",""ORLANDO""]"
matterofspeechtherapy.com,2,2,0,"[""9277"",""6785""]","[""COOPER CITY"",""PEMBROKE PINES""]"
maximumachieversllc.com,2,2,1,"[""8603"",""7045""]","[""PALM SPRINGS"",""WEST PALM BEACH""]"
motionrxhealth.com,2,2,0,"[""9663"",""9714""]","[""CLEARWATER"",""JACKSONVILLE""]"
multicaremedicalcenters.com,2,2,0,"[""10359"",""9593""]","[""CAPE CORAL"",""HOLLYWOOD""]"
mybridgetherapy.com,2,2,0,"[""7391"",""8542""]","[""CORAL SPRINGS"",""JACKSONVILLE""]"
oasistherapycare.com,2,2,0,"[""9874"",""9895""]","[""HOLLYWOOD"",""MIAMI LAKES""]"
optimumaba.com,2,2,2,"[""9319"",""6957""]","[""JACKSONVILLE"",""MARGATE""]"